-- MySQL dump 10.13  Distrib 5.5.27, for osx10.6 (i386)
--
-- Host: localhost    Database: db143442_squash
-- ------------------------------------------------------
-- Server version	5.5.27

/*!40101 SET @OLD_CHARACTER_SET_CLIENT=@@CHARACTER_SET_CLIENT */;
/*!40101 SET @OLD_CHARACTER_SET_RESULTS=@@CHARACTER_SET_RESULTS */;
/*!40101 SET @OLD_COLLATION_CONNECTION=@@COLLATION_CONNECTION */;
/*!40101 SET NAMES utf8 */;
/*!40103 SET @OLD_TIME_ZONE=@@TIME_ZONE */;
/*!40103 SET TIME_ZONE='+00:00' */;
/*!40014 SET @OLD_UNIQUE_CHECKS=@@UNIQUE_CHECKS, UNIQUE_CHECKS=0 */;
/*!40014 SET @OLD_FOREIGN_KEY_CHECKS=@@FOREIGN_KEY_CHECKS, FOREIGN_KEY_CHECKS=0 */;
/*!40101 SET @OLD_SQL_MODE=@@SQL_MODE, SQL_MODE='NO_AUTO_VALUE_ON_ZERO' */;
/*!40111 SET @OLD_SQL_NOTES=@@SQL_NOTES, SQL_NOTES=0 */;

--
-- Table structure for table `Club`
--

DROP TABLE IF EXISTS `Club`;
/*!40101 SET @saved_cs_client     = @@character_set_client */;
/*!40101 SET character_set_client = utf8 */;
CREATE TABLE `Club` (
  `id` bigint(20) NOT NULL AUTO_INCREMENT,
  `version` int(11) DEFAULT NULL,
  `address` varchar(50) NOT NULL,
  `name` varchar(25) NOT NULL,
  PRIMARY KEY (`id`)
) ENGINE=InnoDB AUTO_INCREMENT=3 DEFAULT CHARSET=latin1;
/*!40101 SET character_set_client = @saved_cs_client */;

--
-- Dumping data for table `Club`
--

LOCK TABLES `Club` WRITE;
/*!40000 ALTER TABLE `Club` DISABLE KEYS */;
INSERT INTO `Club` VALUES (1,0,'address 0','club name 0'),(2,0,'address 1','club name 1');
/*!40000 ALTER TABLE `Club` ENABLE KEYS */;
UNLOCK TABLES;

--
-- Table structure for table `Division`
--

DROP TABLE IF EXISTS `Division`;
/*!40101 SET @saved_cs_client     = @@character_set_client */;
/*!40101 SET character_set_client = utf8 */;
CREATE TABLE `Division` (
  `id` bigint(20) NOT NULL AUTO_INCREMENT,
  `version` int(11) DEFAULT NULL,
  `name` varchar(25) NOT NULL,
  `league_id` bigint(20) NOT NULL,
  PRIMARY KEY (`id`),
  KEY `FK199794CD32CB8DA5` (`league_id`),
  CONSTRAINT `FK199794CD32CB8DA5` FOREIGN KEY (`league_id`) REFERENCES `League` (`id`)
) ENGINE=InnoDB AUTO_INCREMENT=33 DEFAULT CHARSET=latin1;
/*!40101 SET character_set_client = @saved_cs_client */;

--
-- Dumping data for table `Division`
--

LOCK TABLES `Division` WRITE;
/*!40000 ALTER TABLE `Division` DISABLE KEYS */;
INSERT INTO `Division` VALUES (1,0,'Division name 0-0-0',1),(2,0,'Division name 1-0-0',1),(3,0,'Division name 2-0-0',1),(4,0,'Division name 3-0-0',1),(5,0,'Division name 0-1-0',2),(6,0,'Division name 1-1-0',2),(7,0,'Division name 2-1-0',2),(8,0,'Division name 3-1-0',2),(9,0,'Division name 0-2-0',3),(10,0,'Division name 1-2-0',3),(11,0,'Division name 2-2-0',3),(12,0,'Division name 3-2-0',3),(13,0,'Division name 0-3-0',4),(14,0,'Division name 1-3-0',4),(15,0,'Division name 2-3-0',4),(16,0,'Division name 3-3-0',4),(17,0,'Division name 0-0-1',5),(18,0,'Division name 1-0-1',5),(19,0,'Division name 2-0-1',5),(20,0,'Division name 3-0-1',5),(21,0,'Division name 0-1-1',6),(22,0,'Division name 1-1-1',6),(23,0,'Division name 2-1-1',6),(24,0,'Division name 3-1-1',6),(25,0,'Division name 0-2-1',7),(26,0,'Division name 1-2-1',7),(27,0,'Division name 2-2-1',7),(28,0,'Division name 3-2-1',7),(29,0,'Division name 0-3-1',8),(30,0,'Division name 1-3-1',8),(31,0,'Division name 2-3-1',8),(32,0,'Division name 3-3-1',8);
/*!40000 ALTER TABLE `Division` ENABLE KEYS */;
UNLOCK TABLES;

--
-- Table structure for table `League`
--

DROP TABLE IF EXISTS `League`;
/*!40101 SET @saved_cs_client     = @@character_set_client */;
/*!40101 SET character_set_client = utf8 */;
CREATE TABLE `League` (
  `id` bigint(20) NOT NULL AUTO_INCREMENT,
  `version` int(11) DEFAULT NULL,
  `name` varchar(25) NOT NULL,
  `club_id` bigint(20) NOT NULL,
  PRIMARY KEY (`id`),
  KEY `FK876D3E4F5A00C305` (`club_id`),
  CONSTRAINT `FK876D3E4F5A00C305` FOREIGN KEY (`club_id`) REFERENCES `Club` (`id`)
) ENGINE=InnoDB AUTO_INCREMENT=9 DEFAULT CHARSET=latin1;
/*!40101 SET character_set_client = @saved_cs_client */;

--
-- Dumping data for table `League`
--

LOCK TABLES `League` WRITE;
/*!40000 ALTER TABLE `League` DISABLE KEYS */;
INSERT INTO `League` VALUES (1,0,'League name 0-0',1),(2,0,'League name 1-0',1),(3,0,'League name 2-0',1),(4,0,'League name 3-0',1),(5,0,'League name 0-1',2),(6,0,'League name 1-1',2),(7,0,'League name 2-1',2),(8,0,'League name 3-1',2);
/*!40000 ALTER TABLE `League` ENABLE KEYS */;
UNLOCK TABLES;

--
-- Table structure for table `Matches`
--

DROP TABLE IF EXISTS `Matches`;
/*!40101 SET @saved_cs_client     = @@character_set_client */;
/*!40101 SET character_set_client = utf8 */;
CREATE TABLE `Matches` (
  `id` bigint(20) NOT NULL AUTO_INCREMENT,
  `version` int(11) DEFAULT NULL,
  `score` varchar(255) DEFAULT NULL,
  `scoreEntered` datetime DEFAULT NULL,
  `playerOne_id` bigint(20) NOT NULL,
  `playerTwo_id` bigint(20) NOT NULL,
  `round_id` bigint(20) NOT NULL,
  PRIMARY KEY (`id`),
  KEY `FK95572113101128E1` (`playerOne_id`),
  KEY `FK95572113191CC33B` (`playerTwo_id`),
  KEY `FK955721139C7BEB4F` (`round_id`),
  CONSTRAINT `FK955721139C7BEB4F` FOREIGN KEY (`round_id`) REFERENCES `Round` (`id`),
  CONSTRAINT `FK95572113101128E1` FOREIGN KEY (`playerOne_id`) REFERENCES `Player` (`id`),
  CONSTRAINT `FK95572113191CC33B` FOREIGN KEY (`playerTwo_id`) REFERENCES `Player` (`id`)
) ENGINE=InnoDB AUTO_INCREMENT=3520 DEFAULT CHARSET=latin1;
/*!40101 SET character_set_client = @saved_cs_client */;

--
-- Dumping data for table `Matches`
--

LOCK TABLES `Matches` WRITE;
/*!40000 ALTER TABLE `Matches` DISABLE KEYS */;
INSERT INTO `Matches` VALUES (1,0,NULL,NULL,1,2,1),(2,0,NULL,NULL,1,3,1),(3,0,NULL,NULL,1,4,1),(4,0,NULL,NULL,1,5,1),(5,0,NULL,NULL,1,6,1),(6,0,NULL,NULL,1,7,1),(7,0,NULL,NULL,1,8,1),(8,0,NULL,NULL,2,3,1),(9,0,NULL,NULL,2,4,1),(10,0,NULL,NULL,2,5,1),(11,0,NULL,NULL,2,6,1),(12,0,NULL,NULL,2,7,1),(13,0,NULL,NULL,2,8,1),(14,0,NULL,NULL,3,4,1),(15,0,NULL,NULL,3,5,1),(16,0,NULL,NULL,3,6,1),(17,0,NULL,NULL,3,7,1),(18,0,NULL,NULL,3,8,1),(19,0,NULL,NULL,4,5,1),(20,0,NULL,NULL,4,6,1),(21,0,NULL,NULL,4,7,1),(22,0,NULL,NULL,4,8,1),(23,0,NULL,NULL,5,6,1),(24,0,NULL,NULL,5,7,1),(25,0,NULL,NULL,5,8,1),(26,0,NULL,NULL,6,7,1),(27,0,NULL,NULL,6,8,1),(28,0,NULL,NULL,7,8,1),(29,0,NULL,NULL,1,2,2),(30,0,NULL,NULL,1,3,2),(31,0,NULL,NULL,1,4,2),(32,0,NULL,NULL,1,5,2),(33,0,NULL,NULL,1,6,2),(34,0,NULL,NULL,1,7,2),(35,0,NULL,NULL,1,8,2),(36,0,NULL,NULL,2,3,2),(37,0,NULL,NULL,2,4,2),(38,0,NULL,NULL,2,5,2),(39,0,NULL,NULL,2,6,2),(40,0,NULL,NULL,2,7,2),(41,0,NULL,NULL,2,8,2),(42,0,NULL,NULL,3,4,2),(43,0,NULL,NULL,3,5,2),(44,0,NULL,NULL,3,6,2),(45,0,NULL,NULL,3,7,2),(46,0,NULL,NULL,3,8,2),(47,0,NULL,NULL,4,5,2),(48,0,NULL,NULL,4,6,2),(49,0,NULL,NULL,4,7,2),(50,0,NULL,NULL,4,8,2),(51,0,NULL,NULL,5,6,2),(52,0,NULL,NULL,5,7,2),(53,0,NULL,NULL,5,8,2),(54,0,NULL,NULL,6,7,2),(55,0,NULL,NULL,6,8,2),(56,0,NULL,NULL,7,8,2),(57,0,NULL,NULL,1,2,3),(58,0,NULL,NULL,1,3,3),(59,0,NULL,NULL,1,4,3),(60,0,NULL,NULL,1,5,3),(61,0,NULL,NULL,1,6,3),(62,0,NULL,NULL,1,7,3),(63,0,NULL,NULL,1,8,3),(64,0,NULL,NULL,2,3,3),(65,0,NULL,NULL,2,4,3),(66,0,NULL,NULL,2,5,3),(67,0,NULL,NULL,2,6,3),(68,0,NULL,NULL,2,7,3),(69,0,NULL,NULL,2,8,3),(70,0,NULL,NULL,3,4,3),(71,0,NULL,NULL,3,5,3),(72,0,NULL,NULL,3,6,3),(73,0,NULL,NULL,3,7,3),(74,0,NULL,NULL,3,8,3),(75,0,NULL,NULL,4,5,3),(76,0,NULL,NULL,4,6,3),(77,0,NULL,NULL,4,7,3),(78,0,NULL,NULL,4,8,3),(79,0,NULL,NULL,5,6,3),(80,0,NULL,NULL,5,7,3),(81,0,NULL,NULL,5,8,3),(82,0,NULL,NULL,6,7,3),(83,0,NULL,NULL,6,8,3),(84,0,NULL,NULL,7,8,3),(85,0,NULL,NULL,1,2,4),(86,0,NULL,NULL,1,3,4),(87,0,NULL,NULL,1,4,4),(88,0,NULL,NULL,1,5,4),(89,0,NULL,NULL,1,6,4),(90,0,NULL,NULL,1,7,4),(91,0,NULL,NULL,1,8,4),(92,0,NULL,NULL,2,3,4),(93,0,NULL,NULL,2,4,4),(94,0,NULL,NULL,2,5,4),(95,0,NULL,NULL,2,6,4),(96,0,NULL,NULL,2,7,4),(97,0,NULL,NULL,2,8,4),(98,0,NULL,NULL,3,4,4),(99,0,NULL,NULL,3,5,4),(100,0,NULL,NULL,3,6,4),(101,0,NULL,NULL,3,7,4),(102,0,NULL,NULL,3,8,4),(103,0,NULL,NULL,4,5,4),(104,0,NULL,NULL,4,6,4),(105,0,NULL,NULL,4,7,4),(106,0,NULL,NULL,4,8,4),(107,0,NULL,NULL,5,6,4),(108,0,NULL,NULL,5,7,4),(109,0,NULL,NULL,5,8,4),(110,0,NULL,NULL,6,7,4),(111,0,NULL,NULL,6,8,4),(112,0,NULL,NULL,7,8,4),(113,0,NULL,NULL,9,10,5),(114,0,NULL,NULL,9,11,5),(115,0,NULL,NULL,9,12,5),(116,0,NULL,NULL,9,13,5),(117,0,NULL,NULL,9,14,5),(118,0,NULL,NULL,9,15,5),(119,0,NULL,NULL,9,16,5),(120,0,NULL,NULL,10,11,5),(121,0,NULL,NULL,10,12,5),(122,0,NULL,NULL,10,13,5),(123,0,NULL,NULL,10,14,5),(124,0,NULL,NULL,10,15,5),(125,0,NULL,NULL,10,16,5),(126,0,NULL,NULL,11,12,5),(127,0,NULL,NULL,11,13,5),(128,0,NULL,NULL,11,14,5),(129,0,NULL,NULL,11,15,5),(130,0,NULL,NULL,11,16,5),(131,0,NULL,NULL,12,13,5),(132,0,NULL,NULL,12,14,5),(133,0,NULL,NULL,12,15,5),(134,0,NULL,NULL,12,16,5),(135,0,NULL,NULL,13,14,5),(136,0,NULL,NULL,13,15,5),(137,0,NULL,NULL,13,16,5),(138,0,NULL,NULL,14,15,5),(139,0,NULL,NULL,14,16,5),(140,0,NULL,NULL,15,16,5),(141,0,NULL,NULL,9,10,6),(142,0,NULL,NULL,9,11,6),(143,0,NULL,NULL,9,12,6),(144,0,NULL,NULL,9,13,6),(145,0,NULL,NULL,9,14,6),(146,0,NULL,NULL,9,15,6),(147,0,NULL,NULL,9,16,6),(148,0,NULL,NULL,10,11,6),(149,0,NULL,NULL,10,12,6),(150,0,NULL,NULL,10,13,6),(151,0,NULL,NULL,10,14,6),(152,0,NULL,NULL,10,15,6),(153,0,NULL,NULL,10,16,6),(154,0,NULL,NULL,11,12,6),(155,0,NULL,NULL,11,13,6),(156,0,NULL,NULL,11,14,6),(157,0,NULL,NULL,11,15,6),(158,0,NULL,NULL,11,16,6),(159,0,NULL,NULL,12,13,6),(160,0,NULL,NULL,12,14,6),(161,0,NULL,NULL,12,15,6),(162,0,NULL,NULL,12,16,6),(163,0,NULL,NULL,13,14,6),(164,0,NULL,NULL,13,15,6),(165,0,NULL,NULL,13,16,6),(166,0,NULL,NULL,14,15,6),(167,0,NULL,NULL,14,16,6),(168,0,NULL,NULL,15,16,6),(169,0,NULL,NULL,9,10,7),(170,0,NULL,NULL,9,11,7),(171,0,NULL,NULL,9,12,7),(172,0,NULL,NULL,9,13,7),(173,0,NULL,NULL,9,14,7),(174,0,NULL,NULL,9,15,7),(175,0,NULL,NULL,9,16,7),(176,0,NULL,NULL,10,11,7),(177,0,NULL,NULL,10,12,7),(178,0,NULL,NULL,10,13,7),(179,0,NULL,NULL,10,14,7),(180,0,NULL,NULL,10,15,7),(181,0,NULL,NULL,10,16,7),(182,0,NULL,NULL,11,12,7),(183,0,NULL,NULL,11,13,7),(184,0,NULL,NULL,11,14,7),(185,0,NULL,NULL,11,15,7),(186,0,NULL,NULL,11,16,7),(187,0,NULL,NULL,12,13,7),(188,0,NULL,NULL,12,14,7),(189,0,NULL,NULL,12,15,7),(190,0,NULL,NULL,12,16,7),(191,0,NULL,NULL,13,14,7),(192,0,NULL,NULL,13,15,7),(193,0,NULL,NULL,13,16,7),(194,0,NULL,NULL,14,15,7),(195,0,NULL,NULL,14,16,7),(196,0,NULL,NULL,15,16,7),(197,0,NULL,NULL,9,10,8),(198,0,NULL,NULL,9,11,8),(199,0,NULL,NULL,9,12,8),(200,0,NULL,NULL,9,13,8),(201,0,NULL,NULL,9,14,8),(202,0,NULL,NULL,9,15,8),(203,0,NULL,NULL,9,16,8),(204,0,NULL,NULL,10,11,8),(205,0,NULL,NULL,10,12,8),(206,0,NULL,NULL,10,13,8),(207,0,NULL,NULL,10,14,8),(208,0,NULL,NULL,10,15,8),(209,0,NULL,NULL,10,16,8),(210,0,NULL,NULL,11,12,8),(211,0,NULL,NULL,11,13,8),(212,0,NULL,NULL,11,14,8),(213,0,NULL,NULL,11,15,8),(214,0,NULL,NULL,11,16,8),(215,0,NULL,NULL,12,13,8),(216,0,NULL,NULL,12,14,8),(217,0,NULL,NULL,12,15,8),(218,0,NULL,NULL,12,16,8),(219,0,NULL,NULL,13,14,8),(220,0,NULL,NULL,13,15,8),(221,0,NULL,NULL,13,16,8),(222,0,NULL,NULL,14,15,8),(223,0,NULL,NULL,14,16,8),(224,0,NULL,NULL,15,16,8),(225,0,NULL,NULL,17,18,9),(226,0,NULL,NULL,17,19,9),(227,0,NULL,NULL,17,20,9),(228,0,NULL,NULL,17,21,9),(229,0,NULL,NULL,17,22,9),(230,0,NULL,NULL,17,23,9),(231,0,NULL,NULL,17,24,9),(232,0,NULL,NULL,18,19,9),(233,0,NULL,NULL,18,20,9),(234,0,NULL,NULL,18,21,9),(235,0,NULL,NULL,18,22,9),(236,0,NULL,NULL,18,23,9),(237,0,NULL,NULL,18,24,9),(238,0,NULL,NULL,19,20,9),(239,0,NULL,NULL,19,21,9),(240,0,NULL,NULL,19,22,9),(241,0,NULL,NULL,19,23,9),(242,0,NULL,NULL,19,24,9),(243,0,NULL,NULL,20,21,9),(244,0,NULL,NULL,20,22,9),(245,0,NULL,NULL,20,23,9),(246,0,NULL,NULL,20,24,9),(247,0,NULL,NULL,21,22,9),(248,0,NULL,NULL,21,23,9),(249,0,NULL,NULL,21,24,9),(250,0,NULL,NULL,22,23,9),(251,0,NULL,NULL,22,24,9),(252,0,NULL,NULL,23,24,9),(253,0,NULL,NULL,17,18,10),(254,0,NULL,NULL,17,19,10),(255,0,NULL,NULL,17,20,10),(256,0,NULL,NULL,17,21,10),(257,0,NULL,NULL,17,22,10),(258,0,NULL,NULL,17,23,10),(259,0,NULL,NULL,17,24,10),(260,0,NULL,NULL,18,19,10),(261,0,NULL,NULL,18,20,10),(262,0,NULL,NULL,18,21,10),(263,0,NULL,NULL,18,22,10),(264,0,NULL,NULL,18,23,10),(265,0,NULL,NULL,18,24,10),(266,0,NULL,NULL,19,20,10),(267,0,NULL,NULL,19,21,10),(268,0,NULL,NULL,19,22,10),(269,0,NULL,NULL,19,23,10),(270,0,NULL,NULL,19,24,10),(271,0,NULL,NULL,20,21,10),(272,0,NULL,NULL,20,22,10),(273,0,NULL,NULL,20,23,10),(274,0,NULL,NULL,20,24,10),(275,0,NULL,NULL,21,22,10),(276,0,NULL,NULL,21,23,10),(277,0,NULL,NULL,21,24,10),(278,0,NULL,NULL,22,23,10),(279,0,NULL,NULL,22,24,10),(280,0,NULL,NULL,23,24,10),(281,0,NULL,NULL,17,18,11),(282,0,NULL,NULL,17,19,11),(283,0,NULL,NULL,17,20,11),(284,0,NULL,NULL,17,21,11),(285,0,NULL,NULL,17,22,11),(286,0,NULL,NULL,17,23,11),(287,0,NULL,NULL,17,24,11),(288,0,NULL,NULL,18,19,11),(289,0,NULL,NULL,18,20,11),(290,0,NULL,NULL,18,21,11),(291,0,NULL,NULL,18,22,11),(292,0,NULL,NULL,18,23,11),(293,0,NULL,NULL,18,24,11),(294,0,NULL,NULL,19,20,11),(295,0,NULL,NULL,19,21,11),(296,0,NULL,NULL,19,22,11),(297,0,NULL,NULL,19,23,11),(298,0,NULL,NULL,19,24,11),(299,0,NULL,NULL,20,21,11),(300,0,NULL,NULL,20,22,11),(301,0,NULL,NULL,20,23,11),(302,0,NULL,NULL,20,24,11),(303,0,NULL,NULL,21,22,11),(304,0,NULL,NULL,21,23,11),(305,0,NULL,NULL,21,24,11),(306,0,NULL,NULL,22,23,11),(307,0,NULL,NULL,22,24,11),(308,0,NULL,NULL,23,24,11),(309,0,NULL,NULL,17,18,12),(310,0,NULL,NULL,17,19,12),(311,0,NULL,NULL,17,20,12),(312,0,NULL,NULL,17,21,12),(313,0,NULL,NULL,17,22,12),(314,0,NULL,NULL,17,23,12),(315,0,NULL,NULL,17,24,12),(316,0,NULL,NULL,18,19,12),(317,0,NULL,NULL,18,20,12),(318,0,NULL,NULL,18,21,12),(319,0,NULL,NULL,18,22,12),(320,0,NULL,NULL,18,23,12),(321,0,NULL,NULL,18,24,12),(322,0,NULL,NULL,19,20,12),(323,0,NULL,NULL,19,21,12),(324,0,NULL,NULL,19,22,12),(325,0,NULL,NULL,19,23,12),(326,0,NULL,NULL,19,24,12),(327,0,NULL,NULL,20,21,12),(328,0,NULL,NULL,20,22,12),(329,0,NULL,NULL,20,23,12),(330,0,NULL,NULL,20,24,12),(331,0,NULL,NULL,21,22,12),(332,0,NULL,NULL,21,23,12),(333,0,NULL,NULL,21,24,12),(334,0,NULL,NULL,22,23,12),(335,0,NULL,NULL,22,24,12),(336,0,NULL,NULL,23,24,12),(337,0,NULL,NULL,25,26,13),(338,0,NULL,NULL,25,27,13),(339,0,NULL,NULL,25,28,13),(340,0,NULL,NULL,25,29,13),(341,0,NULL,NULL,25,30,13),(342,0,NULL,NULL,25,31,13),(343,0,NULL,NULL,25,32,13),(344,0,NULL,NULL,26,27,13),(345,0,NULL,NULL,26,28,13),(346,0,NULL,NULL,26,29,13),(347,0,NULL,NULL,26,30,13),(348,0,NULL,NULL,26,31,13),(349,0,NULL,NULL,26,32,13),(350,0,NULL,NULL,27,28,13),(351,0,NULL,NULL,27,29,13),(352,0,NULL,NULL,27,30,13),(353,0,NULL,NULL,27,31,13),(354,0,NULL,NULL,27,32,13),(355,0,NULL,NULL,28,29,13),(356,0,NULL,NULL,28,30,13),(357,0,NULL,NULL,28,31,13),(358,0,NULL,NULL,28,32,13),(359,0,NULL,NULL,29,30,13),(360,0,NULL,NULL,29,31,13),(361,0,NULL,NULL,29,32,13),(362,0,NULL,NULL,30,31,13),(363,0,NULL,NULL,30,32,13),(364,0,NULL,NULL,31,32,13),(365,0,NULL,NULL,25,26,14),(366,0,NULL,NULL,25,27,14),(367,0,NULL,NULL,25,28,14),(368,0,NULL,NULL,25,29,14),(369,0,NULL,NULL,25,30,14),(370,0,NULL,NULL,25,31,14),(371,0,NULL,NULL,25,32,14),(372,0,NULL,NULL,26,27,14),(373,0,NULL,NULL,26,28,14),(374,0,NULL,NULL,26,29,14),(375,0,NULL,NULL,26,30,14),(376,0,NULL,NULL,26,31,14),(377,0,NULL,NULL,26,32,14),(378,0,NULL,NULL,27,28,14),(379,0,NULL,NULL,27,29,14),(380,0,NULL,NULL,27,30,14),(381,0,NULL,NULL,27,31,14),(382,0,NULL,NULL,27,32,14),(383,0,NULL,NULL,28,29,14),(384,0,NULL,NULL,28,30,14),(385,0,NULL,NULL,28,31,14),(386,0,NULL,NULL,28,32,14),(387,0,NULL,NULL,29,30,14),(388,0,NULL,NULL,29,31,14),(389,0,NULL,NULL,29,32,14),(390,0,NULL,NULL,30,31,14),(391,0,NULL,NULL,30,32,14),(392,0,NULL,NULL,31,32,14),(393,0,NULL,NULL,25,26,15),(394,0,NULL,NULL,25,27,15),(395,0,NULL,NULL,25,28,15),(396,0,NULL,NULL,25,29,15),(397,0,NULL,NULL,25,30,15),(398,0,NULL,NULL,25,31,15),(399,0,NULL,NULL,25,32,15),(400,0,NULL,NULL,26,27,15),(401,0,NULL,NULL,26,28,15),(402,0,NULL,NULL,26,29,15),(403,0,NULL,NULL,26,30,15),(404,0,NULL,NULL,26,31,15),(405,0,NULL,NULL,26,32,15),(406,0,NULL,NULL,27,28,15),(407,0,NULL,NULL,27,29,15),(408,0,NULL,NULL,27,30,15),(409,0,NULL,NULL,27,31,15),(410,0,NULL,NULL,27,32,15),(411,0,NULL,NULL,28,29,15),(412,0,NULL,NULL,28,30,15),(413,0,NULL,NULL,28,31,15),(414,0,NULL,NULL,28,32,15),(415,0,NULL,NULL,29,30,15),(416,0,NULL,NULL,29,31,15),(417,0,NULL,NULL,29,32,15),(418,0,NULL,NULL,30,31,15),(419,0,NULL,NULL,30,32,15),(420,0,NULL,NULL,31,32,15),(421,0,NULL,NULL,25,26,16),(422,0,NULL,NULL,25,27,16),(423,0,NULL,NULL,25,28,16),(424,0,NULL,NULL,25,29,16),(425,0,NULL,NULL,25,30,16),(426,0,NULL,NULL,25,31,16),(427,0,NULL,NULL,25,32,16),(428,0,NULL,NULL,26,27,16),(429,0,NULL,NULL,26,28,16),(430,0,NULL,NULL,26,29,16),(431,0,NULL,NULL,26,30,16),(432,0,NULL,NULL,26,31,16),(433,0,NULL,NULL,26,32,16),(434,0,NULL,NULL,27,28,16),(435,0,NULL,NULL,27,29,16),(436,0,NULL,NULL,27,30,16),(437,0,NULL,NULL,27,31,16),(438,0,NULL,NULL,27,32,16),(439,0,NULL,NULL,28,29,16),(440,0,NULL,NULL,28,30,16),(441,0,NULL,NULL,28,31,16),(442,0,NULL,NULL,28,32,16),(443,0,NULL,NULL,29,30,16),(444,0,NULL,NULL,29,31,16),(445,0,NULL,NULL,29,32,16),(446,0,NULL,NULL,30,31,16),(447,0,NULL,NULL,30,32,16),(448,0,NULL,NULL,31,32,16),(449,0,NULL,NULL,33,34,17),(450,0,NULL,NULL,33,35,17),(451,0,NULL,NULL,33,36,17),(452,0,NULL,NULL,33,37,17),(453,0,NULL,NULL,33,38,17),(454,0,NULL,NULL,33,39,17),(455,0,NULL,NULL,33,40,17),(456,0,NULL,NULL,34,35,17),(457,0,NULL,NULL,34,36,17),(458,0,NULL,NULL,34,37,17),(459,0,NULL,NULL,34,38,17),(460,0,NULL,NULL,34,39,17),(461,0,NULL,NULL,34,40,17),(462,0,NULL,NULL,35,36,17),(463,0,NULL,NULL,35,37,17),(464,0,NULL,NULL,35,38,17),(465,0,NULL,NULL,35,39,17),(466,0,NULL,NULL,35,40,17),(467,0,NULL,NULL,36,37,17),(468,0,NULL,NULL,36,38,17),(469,0,NULL,NULL,36,39,17),(470,0,NULL,NULL,36,40,17),(471,0,NULL,NULL,37,38,17),(472,0,NULL,NULL,37,39,17),(473,0,NULL,NULL,37,40,17),(474,0,NULL,NULL,38,39,17),(475,0,NULL,NULL,38,40,17),(476,0,NULL,NULL,39,40,17),(477,0,NULL,NULL,33,34,18),(478,0,NULL,NULL,33,35,18),(479,0,NULL,NULL,33,36,18),(480,0,NULL,NULL,33,37,18),(481,0,NULL,NULL,33,38,18),(482,0,NULL,NULL,33,39,18),(483,0,NULL,NULL,33,40,18),(484,0,NULL,NULL,34,35,18),(485,0,NULL,NULL,34,36,18),(486,0,NULL,NULL,34,37,18),(487,0,NULL,NULL,34,38,18),(488,0,NULL,NULL,34,39,18),(489,0,NULL,NULL,34,40,18),(490,0,NULL,NULL,35,36,18),(491,0,NULL,NULL,35,37,18),(492,0,NULL,NULL,35,38,18),(493,0,NULL,NULL,35,39,18),(494,0,NULL,NULL,35,40,18),(495,0,NULL,NULL,36,37,18),(496,0,NULL,NULL,36,38,18),(497,0,NULL,NULL,36,39,18),(498,0,NULL,NULL,36,40,18),(499,0,NULL,NULL,37,38,18),(500,0,NULL,NULL,37,39,18),(501,0,NULL,NULL,37,40,18),(502,0,NULL,NULL,38,39,18),(503,0,NULL,NULL,38,40,18),(504,0,NULL,NULL,39,40,18),(505,0,NULL,NULL,33,34,19),(506,0,NULL,NULL,33,35,19),(507,0,NULL,NULL,33,36,19),(508,0,NULL,NULL,33,37,19),(509,0,NULL,NULL,33,38,19),(510,0,NULL,NULL,33,39,19),(511,0,NULL,NULL,33,40,19),(512,0,NULL,NULL,34,35,19),(513,0,NULL,NULL,34,36,19),(514,0,NULL,NULL,34,37,19),(515,0,NULL,NULL,34,38,19),(516,0,NULL,NULL,34,39,19),(517,0,NULL,NULL,34,40,19),(518,0,NULL,NULL,35,36,19),(519,0,NULL,NULL,35,37,19),(520,0,NULL,NULL,35,38,19),(521,0,NULL,NULL,35,39,19),(522,0,NULL,NULL,35,40,19),(523,0,NULL,NULL,36,37,19),(524,0,NULL,NULL,36,38,19),(525,0,NULL,NULL,36,39,19),(526,0,NULL,NULL,36,40,19),(527,0,NULL,NULL,37,38,19),(528,0,NULL,NULL,37,39,19),(529,0,NULL,NULL,37,40,19),(530,0,NULL,NULL,38,39,19),(531,0,NULL,NULL,38,40,19),(532,0,NULL,NULL,39,40,19),(533,0,NULL,NULL,33,34,20),(534,0,NULL,NULL,33,35,20),(535,0,NULL,NULL,33,36,20),(536,0,NULL,NULL,33,37,20),(537,0,NULL,NULL,33,38,20),(538,0,NULL,NULL,33,39,20),(539,0,NULL,NULL,33,40,20),(540,0,NULL,NULL,34,35,20),(541,0,NULL,NULL,34,36,20),(542,0,NULL,NULL,34,37,20),(543,0,NULL,NULL,34,38,20),(544,0,NULL,NULL,34,39,20),(545,0,NULL,NULL,34,40,20),(546,0,NULL,NULL,35,36,20),(547,0,NULL,NULL,35,37,20),(548,0,NULL,NULL,35,38,20),(549,0,NULL,NULL,35,39,20),(550,0,NULL,NULL,35,40,20),(551,0,NULL,NULL,36,37,20),(552,0,NULL,NULL,36,38,20),(553,0,NULL,NULL,36,39,20),(554,0,NULL,NULL,36,40,20),(555,0,NULL,NULL,37,38,20),(556,0,NULL,NULL,37,39,20),(557,0,NULL,NULL,37,40,20),(558,0,NULL,NULL,38,39,20),(559,0,NULL,NULL,38,40,20),(560,0,NULL,NULL,39,40,20),(561,0,NULL,NULL,41,42,21),(562,0,NULL,NULL,41,43,21),(563,0,NULL,NULL,41,44,21),(564,0,NULL,NULL,41,45,21),(565,0,NULL,NULL,41,46,21),(566,0,NULL,NULL,41,47,21),(567,0,NULL,NULL,41,48,21),(568,0,NULL,NULL,42,43,21),(569,0,NULL,NULL,42,44,21),(570,0,NULL,NULL,42,45,21),(571,0,NULL,NULL,42,46,21),(572,0,NULL,NULL,42,47,21),(573,0,NULL,NULL,42,48,21),(574,0,NULL,NULL,43,44,21),(575,0,NULL,NULL,43,45,21),(576,0,NULL,NULL,43,46,21),(577,0,NULL,NULL,43,47,21),(578,0,NULL,NULL,43,48,21),(579,0,NULL,NULL,44,45,21),(580,0,NULL,NULL,44,46,21),(581,0,NULL,NULL,44,47,21),(582,0,NULL,NULL,44,48,21),(583,0,NULL,NULL,45,46,21),(584,0,NULL,NULL,45,47,21),(585,0,NULL,NULL,45,48,21),(586,0,NULL,NULL,46,47,21),(587,0,NULL,NULL,46,48,21),(588,0,NULL,NULL,47,48,21),(589,0,NULL,NULL,41,42,22),(590,0,NULL,NULL,41,43,22),(591,0,NULL,NULL,41,44,22),(592,0,NULL,NULL,41,45,22),(593,0,NULL,NULL,41,46,22),(594,0,NULL,NULL,41,47,22),(595,0,NULL,NULL,41,48,22),(596,0,NULL,NULL,42,43,22),(597,0,NULL,NULL,42,44,22),(598,0,NULL,NULL,42,45,22),(599,0,NULL,NULL,42,46,22),(600,0,NULL,NULL,42,47,22),(601,0,NULL,NULL,42,48,22),(602,0,NULL,NULL,43,44,22),(603,0,NULL,NULL,43,45,22),(604,0,NULL,NULL,43,46,22),(605,0,NULL,NULL,43,47,22),(606,0,NULL,NULL,43,48,22),(607,0,NULL,NULL,44,45,22),(608,0,NULL,NULL,44,46,22),(609,0,NULL,NULL,44,47,22),(610,0,NULL,NULL,44,48,22),(611,0,NULL,NULL,45,46,22),(612,0,NULL,NULL,45,47,22),(613,0,NULL,NULL,45,48,22),(614,0,NULL,NULL,46,47,22),(615,0,NULL,NULL,46,48,22),(616,0,NULL,NULL,47,48,22),(617,0,NULL,NULL,41,42,23),(618,0,NULL,NULL,41,43,23),(619,0,NULL,NULL,41,44,23),(620,0,NULL,NULL,41,45,23),(621,0,NULL,NULL,41,46,23),(622,0,NULL,NULL,41,47,23),(623,0,NULL,NULL,41,48,23),(624,0,NULL,NULL,42,43,23),(625,0,NULL,NULL,42,44,23),(626,0,NULL,NULL,42,45,23),(627,0,NULL,NULL,42,46,23),(628,0,NULL,NULL,42,47,23),(629,0,NULL,NULL,42,48,23),(630,0,NULL,NULL,43,44,23),(631,0,NULL,NULL,43,45,23),(632,0,NULL,NULL,43,46,23),(633,0,NULL,NULL,43,47,23),(634,0,NULL,NULL,43,48,23),(635,0,NULL,NULL,44,45,23),(636,0,NULL,NULL,44,46,23),(637,0,NULL,NULL,44,47,23),(638,0,NULL,NULL,44,48,23),(639,0,NULL,NULL,45,46,23),(640,0,NULL,NULL,45,47,23),(641,0,NULL,NULL,45,48,23),(642,0,NULL,NULL,46,47,23),(643,0,NULL,NULL,46,48,23),(644,0,NULL,NULL,47,48,23),(645,0,NULL,NULL,41,42,24),(646,0,NULL,NULL,41,43,24),(647,0,NULL,NULL,41,44,24),(648,0,NULL,NULL,41,45,24),(649,0,NULL,NULL,41,46,24),(650,0,NULL,NULL,41,47,24),(651,0,NULL,NULL,41,48,24),(652,0,NULL,NULL,42,43,24),(653,0,NULL,NULL,42,44,24),(654,0,NULL,NULL,42,45,24),(655,0,NULL,NULL,42,46,24),(656,0,NULL,NULL,42,47,24),(657,0,NULL,NULL,42,48,24),(658,0,NULL,NULL,43,44,24),(659,0,NULL,NULL,43,45,24),(660,0,NULL,NULL,43,46,24),(661,0,NULL,NULL,43,47,24),(662,0,NULL,NULL,43,48,24),(663,0,NULL,NULL,44,45,24),(664,0,NULL,NULL,44,46,24),(665,0,NULL,NULL,44,47,24),(666,0,NULL,NULL,44,48,24),(667,0,NULL,NULL,45,46,24),(668,0,NULL,NULL,45,47,24),(669,0,NULL,NULL,45,48,24),(670,0,NULL,NULL,46,47,24),(671,0,NULL,NULL,46,48,24),(672,0,NULL,NULL,47,48,24),(673,0,NULL,NULL,49,50,25),(674,0,NULL,NULL,49,51,25),(675,0,NULL,NULL,49,52,25),(676,0,NULL,NULL,49,53,25),(677,0,NULL,NULL,49,54,25),(678,0,NULL,NULL,49,55,25),(679,0,NULL,NULL,49,56,25),(680,0,NULL,NULL,50,51,25),(681,0,NULL,NULL,50,52,25),(682,0,NULL,NULL,50,53,25),(683,0,NULL,NULL,50,54,25),(684,0,NULL,NULL,50,55,25),(685,0,NULL,NULL,50,56,25),(686,0,NULL,NULL,51,52,25),(687,0,NULL,NULL,51,53,25),(688,0,NULL,NULL,51,54,25),(689,0,NULL,NULL,51,55,25),(690,0,NULL,NULL,51,56,25),(691,0,NULL,NULL,52,53,25),(692,0,NULL,NULL,52,54,25),(693,0,NULL,NULL,52,55,25),(694,0,NULL,NULL,52,56,25),(695,0,NULL,NULL,53,54,25),(696,0,NULL,NULL,53,55,25),(697,0,NULL,NULL,53,56,25),(698,0,NULL,NULL,54,55,25),(699,0,NULL,NULL,54,56,25),(700,0,NULL,NULL,55,56,25),(701,0,NULL,NULL,49,50,26),(702,0,NULL,NULL,49,51,26),(703,0,NULL,NULL,49,52,26),(704,0,NULL,NULL,49,53,26),(705,0,NULL,NULL,49,54,26),(706,0,NULL,NULL,49,55,26),(707,0,NULL,NULL,49,56,26),(708,0,NULL,NULL,50,51,26),(709,0,NULL,NULL,50,52,26),(710,0,NULL,NULL,50,53,26),(711,0,NULL,NULL,50,54,26),(712,0,NULL,NULL,50,55,26),(713,0,NULL,NULL,50,56,26),(714,0,NULL,NULL,51,52,26),(715,0,NULL,NULL,51,53,26),(716,0,NULL,NULL,51,54,26),(717,0,NULL,NULL,51,55,26),(718,0,NULL,NULL,51,56,26),(719,0,NULL,NULL,52,53,26),(720,0,NULL,NULL,52,54,26),(721,0,NULL,NULL,52,55,26),(722,0,NULL,NULL,52,56,26),(723,0,NULL,NULL,53,54,26),(724,0,NULL,NULL,53,55,26),(725,0,NULL,NULL,53,56,26),(726,0,NULL,NULL,54,55,26),(727,0,NULL,NULL,54,56,26),(728,0,NULL,NULL,55,56,26),(729,0,NULL,NULL,49,50,27),(730,0,NULL,NULL,49,51,27),(731,0,NULL,NULL,49,52,27),(732,0,NULL,NULL,49,53,27),(733,0,NULL,NULL,49,54,27),(734,0,NULL,NULL,49,55,27),(735,0,NULL,NULL,49,56,27),(736,0,NULL,NULL,50,51,27),(737,0,NULL,NULL,50,52,27),(738,0,NULL,NULL,50,53,27),(739,0,NULL,NULL,50,54,27),(740,0,NULL,NULL,50,55,27),(741,0,NULL,NULL,50,56,27),(742,0,NULL,NULL,51,52,27),(743,0,NULL,NULL,51,53,27),(744,0,NULL,NULL,51,54,27),(745,0,NULL,NULL,51,55,27),(746,0,NULL,NULL,51,56,27),(747,0,NULL,NULL,52,53,27),(748,0,NULL,NULL,52,54,27),(749,0,NULL,NULL,52,55,27),(750,0,NULL,NULL,52,56,27),(751,0,NULL,NULL,53,54,27),(752,0,NULL,NULL,53,55,27),(753,0,NULL,NULL,53,56,27),(754,0,NULL,NULL,54,55,27),(755,0,NULL,NULL,54,56,27),(756,0,NULL,NULL,55,56,27),(757,0,NULL,NULL,49,50,28),(758,0,NULL,NULL,49,51,28),(759,0,NULL,NULL,49,52,28),(760,0,NULL,NULL,49,53,28),(761,0,NULL,NULL,49,54,28),(762,0,NULL,NULL,49,55,28),(763,0,NULL,NULL,49,56,28),(764,0,NULL,NULL,50,51,28),(765,0,NULL,NULL,50,52,28),(766,0,NULL,NULL,50,53,28),(767,0,NULL,NULL,50,54,28),(768,0,NULL,NULL,50,55,28),(769,0,NULL,NULL,50,56,28),(770,0,NULL,NULL,51,52,28),(771,0,NULL,NULL,51,53,28),(772,0,NULL,NULL,51,54,28),(773,0,NULL,NULL,51,55,28),(774,0,NULL,NULL,51,56,28),(775,0,NULL,NULL,52,53,28),(776,0,NULL,NULL,52,54,28),(777,0,NULL,NULL,52,55,28),(778,0,NULL,NULL,52,56,28),(779,0,NULL,NULL,53,54,28),(780,0,NULL,NULL,53,55,28),(781,0,NULL,NULL,53,56,28),(782,0,NULL,NULL,54,55,28),(783,0,NULL,NULL,54,56,28),(784,0,NULL,NULL,55,56,28),(785,0,NULL,NULL,57,58,29),(786,0,NULL,NULL,57,59,29),(787,0,NULL,NULL,57,60,29),(788,0,NULL,NULL,57,61,29),(789,0,NULL,NULL,57,62,29),(790,0,NULL,NULL,57,63,29),(791,0,NULL,NULL,57,64,29),(792,0,NULL,NULL,58,59,29),(793,0,NULL,NULL,58,60,29),(794,0,NULL,NULL,58,61,29),(795,0,NULL,NULL,58,62,29),(796,0,NULL,NULL,58,63,29),(797,0,NULL,NULL,58,64,29),(798,0,NULL,NULL,59,60,29),(799,0,NULL,NULL,59,61,29),(800,0,NULL,NULL,59,62,29),(801,0,NULL,NULL,59,63,29),(802,0,NULL,NULL,59,64,29),(803,0,NULL,NULL,60,61,29),(804,0,NULL,NULL,60,62,29),(805,0,NULL,NULL,60,63,29),(806,0,NULL,NULL,60,64,29),(807,0,NULL,NULL,61,62,29),(808,0,NULL,NULL,61,63,29),(809,0,NULL,NULL,61,64,29),(810,0,NULL,NULL,62,63,29),(811,0,NULL,NULL,62,64,29),(812,0,NULL,NULL,63,64,29),(813,0,NULL,NULL,57,58,30),(814,0,NULL,NULL,57,59,30),(815,0,NULL,NULL,57,60,30),(816,0,NULL,NULL,57,61,30),(817,0,NULL,NULL,57,62,30),(818,0,NULL,NULL,57,63,30),(819,0,NULL,NULL,57,64,30),(820,0,NULL,NULL,58,59,30),(821,0,NULL,NULL,58,60,30),(822,0,NULL,NULL,58,61,30),(823,0,NULL,NULL,58,62,30),(824,0,NULL,NULL,58,63,30),(825,0,NULL,NULL,58,64,30),(826,0,NULL,NULL,59,60,30),(827,0,NULL,NULL,59,61,30),(828,0,NULL,NULL,59,62,30),(829,0,NULL,NULL,59,63,30),(830,0,NULL,NULL,59,64,30),(831,0,NULL,NULL,60,61,30),(832,0,NULL,NULL,60,62,30),(833,0,NULL,NULL,60,63,30),(834,0,NULL,NULL,60,64,30),(835,0,NULL,NULL,61,62,30),(836,0,NULL,NULL,61,63,30),(837,0,NULL,NULL,61,64,30),(838,0,NULL,NULL,62,63,30),(839,0,NULL,NULL,62,64,30),(840,0,NULL,NULL,63,64,30),(841,0,NULL,NULL,57,58,31),(842,0,NULL,NULL,57,59,31),(843,0,NULL,NULL,57,60,31),(844,0,NULL,NULL,57,61,31),(845,0,NULL,NULL,57,62,31),(846,0,NULL,NULL,57,63,31),(847,0,NULL,NULL,57,64,31),(848,0,NULL,NULL,58,59,31),(849,0,NULL,NULL,58,60,31),(850,0,NULL,NULL,58,61,31),(851,0,NULL,NULL,58,62,31),(852,0,NULL,NULL,58,63,31),(853,0,NULL,NULL,58,64,31),(854,0,NULL,NULL,59,60,31),(855,0,NULL,NULL,59,61,31),(856,0,NULL,NULL,59,62,31),(857,0,NULL,NULL,59,63,31),(858,0,NULL,NULL,59,64,31),(859,0,NULL,NULL,60,61,31),(860,0,NULL,NULL,60,62,31),(861,0,NULL,NULL,60,63,31),(862,0,NULL,NULL,60,64,31),(863,0,NULL,NULL,61,62,31),(864,0,NULL,NULL,61,63,31),(865,0,NULL,NULL,61,64,31),(866,0,NULL,NULL,62,63,31),(867,0,NULL,NULL,62,64,31),(868,0,NULL,NULL,63,64,31),(869,0,NULL,NULL,57,58,32),(870,0,NULL,NULL,57,59,32),(871,0,NULL,NULL,57,60,32),(872,0,NULL,NULL,57,61,32),(873,0,NULL,NULL,57,62,32),(874,0,NULL,NULL,57,63,32),(875,0,NULL,NULL,57,64,32),(876,0,NULL,NULL,58,59,32),(877,0,NULL,NULL,58,60,32),(878,0,NULL,NULL,58,61,32),(879,0,NULL,NULL,58,62,32),(880,0,NULL,NULL,58,63,32),(881,0,NULL,NULL,58,64,32),(882,0,NULL,NULL,59,60,32),(883,0,NULL,NULL,59,61,32),(884,0,NULL,NULL,59,62,32),(885,0,NULL,NULL,59,63,32),(886,0,NULL,NULL,59,64,32),(887,0,NULL,NULL,60,61,32),(888,0,NULL,NULL,60,62,32),(889,0,NULL,NULL,60,63,32),(890,0,NULL,NULL,60,64,32),(891,0,NULL,NULL,61,62,32),(892,0,NULL,NULL,61,63,32),(893,0,NULL,NULL,61,64,32),(894,0,NULL,NULL,62,63,32),(895,0,NULL,NULL,62,64,32),(896,0,NULL,NULL,63,64,32),(897,0,NULL,NULL,65,66,33),(898,0,NULL,NULL,65,67,33),(899,0,NULL,NULL,65,68,33),(900,0,NULL,NULL,65,69,33),(901,0,NULL,NULL,65,70,33),(902,0,NULL,NULL,65,71,33),(903,0,NULL,NULL,65,72,33),(904,0,NULL,NULL,66,67,33),(905,0,NULL,NULL,66,68,33),(906,0,NULL,NULL,66,69,33),(907,0,NULL,NULL,66,70,33),(908,0,NULL,NULL,66,71,33),(909,0,NULL,NULL,66,72,33),(910,0,NULL,NULL,67,68,33),(911,0,NULL,NULL,67,69,33),(912,0,NULL,NULL,67,70,33),(913,0,NULL,NULL,67,71,33),(914,0,NULL,NULL,67,72,33),(915,0,NULL,NULL,68,69,33),(916,0,NULL,NULL,68,70,33),(917,0,NULL,NULL,68,71,33),(918,0,NULL,NULL,68,72,33),(919,0,NULL,NULL,69,70,33),(920,0,NULL,NULL,69,71,33),(921,0,NULL,NULL,69,72,33),(922,0,NULL,NULL,70,71,33),(923,0,NULL,NULL,70,72,33),(924,0,NULL,NULL,71,72,33),(925,0,NULL,NULL,65,66,34),(926,0,NULL,NULL,65,67,34),(927,0,NULL,NULL,65,68,34),(928,0,NULL,NULL,65,69,34),(929,0,NULL,NULL,65,70,34),(930,0,NULL,NULL,65,71,34),(931,0,NULL,NULL,65,72,34),(932,0,NULL,NULL,66,67,34),(933,0,NULL,NULL,66,68,34),(934,0,NULL,NULL,66,69,34),(935,0,NULL,NULL,66,70,34),(936,0,NULL,NULL,66,71,34),(937,0,NULL,NULL,66,72,34),(938,0,NULL,NULL,67,68,34),(939,0,NULL,NULL,67,69,34),(940,0,NULL,NULL,67,70,34),(941,0,NULL,NULL,67,71,34),(942,0,NULL,NULL,67,72,34),(943,0,NULL,NULL,68,69,34),(944,0,NULL,NULL,68,70,34),(945,0,NULL,NULL,68,71,34),(946,0,NULL,NULL,68,72,34),(947,0,NULL,NULL,69,70,34),(948,0,NULL,NULL,69,71,34),(949,0,NULL,NULL,69,72,34),(950,0,NULL,NULL,70,71,34),(951,0,NULL,NULL,70,72,34),(952,0,NULL,NULL,71,72,34),(953,0,NULL,NULL,65,66,35),(954,0,NULL,NULL,65,67,35),(955,0,NULL,NULL,65,68,35),(956,0,NULL,NULL,65,69,35),(957,0,NULL,NULL,65,70,35),(958,0,NULL,NULL,65,71,35),(959,0,NULL,NULL,65,72,35),(960,0,NULL,NULL,66,67,35),(961,0,NULL,NULL,66,68,35),(962,0,NULL,NULL,66,69,35),(963,0,NULL,NULL,66,70,35),(964,0,NULL,NULL,66,71,35),(965,0,NULL,NULL,66,72,35),(966,0,NULL,NULL,67,68,35),(967,0,NULL,NULL,67,69,35),(968,0,NULL,NULL,67,70,35),(969,0,NULL,NULL,67,71,35),(970,0,NULL,NULL,67,72,35),(971,0,NULL,NULL,68,69,35),(972,0,NULL,NULL,68,70,35),(973,0,NULL,NULL,68,71,35),(974,0,NULL,NULL,68,72,35),(975,0,NULL,NULL,69,70,35),(976,0,NULL,NULL,69,71,35),(977,0,NULL,NULL,69,72,35),(978,0,NULL,NULL,70,71,35),(979,0,NULL,NULL,70,72,35),(980,0,NULL,NULL,71,72,35),(981,0,NULL,NULL,65,66,36),(982,0,NULL,NULL,65,67,36),(983,0,NULL,NULL,65,68,36),(984,0,NULL,NULL,65,69,36),(985,0,NULL,NULL,65,70,36),(986,0,NULL,NULL,65,71,36),(987,0,NULL,NULL,65,72,36),(988,0,NULL,NULL,66,67,36),(989,0,NULL,NULL,66,68,36),(990,0,NULL,NULL,66,69,36),(991,0,NULL,NULL,66,70,36),(992,0,NULL,NULL,66,71,36),(993,0,NULL,NULL,66,72,36),(994,0,NULL,NULL,67,68,36),(995,0,NULL,NULL,67,69,36),(996,0,NULL,NULL,67,70,36),(997,0,NULL,NULL,67,71,36),(998,0,NULL,NULL,67,72,36),(999,0,NULL,NULL,68,69,36),(1000,0,NULL,NULL,68,70,36),(1001,0,NULL,NULL,68,71,36),(1002,0,NULL,NULL,68,72,36),(1003,0,NULL,NULL,69,70,36),(1004,0,NULL,NULL,69,71,36),(1005,0,NULL,NULL,69,72,36),(1006,0,NULL,NULL,70,71,36),(1007,0,NULL,NULL,70,72,36),(1008,0,NULL,NULL,71,72,36),(1009,0,NULL,NULL,73,74,37),(1010,0,NULL,NULL,73,75,37),(1011,0,NULL,NULL,73,76,37),(1012,0,NULL,NULL,73,77,37),(1013,0,NULL,NULL,73,78,37),(1014,0,NULL,NULL,73,79,37),(1015,0,NULL,NULL,73,80,37),(1016,0,NULL,NULL,74,75,37),(1017,0,NULL,NULL,74,76,37),(1018,0,NULL,NULL,74,77,37),(1019,0,NULL,NULL,74,78,37),(1020,0,NULL,NULL,74,79,37),(1021,0,NULL,NULL,74,80,37),(1022,0,NULL,NULL,75,76,37),(1023,0,NULL,NULL,75,77,37),(1024,0,NULL,NULL,75,78,37),(1025,0,NULL,NULL,75,79,37),(1026,0,NULL,NULL,75,80,37),(1027,0,NULL,NULL,76,77,37),(1028,0,NULL,NULL,76,78,37),(1029,0,NULL,NULL,76,79,37),(1030,0,NULL,NULL,76,80,37),(1031,0,NULL,NULL,77,78,37),(1032,0,NULL,NULL,77,79,37),(1033,0,NULL,NULL,77,80,37),(1034,0,NULL,NULL,78,79,37),(1035,0,NULL,NULL,78,80,37),(1036,0,NULL,NULL,79,80,37),(1037,0,NULL,NULL,73,74,38),(1038,0,NULL,NULL,73,75,38),(1039,0,NULL,NULL,73,76,38),(1040,0,NULL,NULL,73,77,38),(1041,0,NULL,NULL,73,78,38),(1042,0,NULL,NULL,73,79,38),(1043,0,NULL,NULL,73,80,38),(1044,0,NULL,NULL,74,75,38),(1045,0,NULL,NULL,74,76,38),(1046,0,NULL,NULL,74,77,38),(1047,0,NULL,NULL,74,78,38),(1048,0,NULL,NULL,74,79,38),(1049,0,NULL,NULL,74,80,38),(1050,0,NULL,NULL,75,76,38),(1051,0,NULL,NULL,75,77,38),(1052,0,NULL,NULL,75,78,38),(1053,0,NULL,NULL,75,79,38),(1054,0,NULL,NULL,75,80,38),(1055,0,NULL,NULL,76,77,38),(1056,0,NULL,NULL,76,78,38),(1057,0,NULL,NULL,76,79,38),(1058,0,NULL,NULL,76,80,38),(1059,0,NULL,NULL,77,78,38),(1060,0,NULL,NULL,77,79,38),(1061,0,NULL,NULL,77,80,38),(1062,0,NULL,NULL,78,79,38),(1063,0,NULL,NULL,78,80,38),(1064,0,NULL,NULL,79,80,38),(1065,0,NULL,NULL,73,74,39),(1066,0,NULL,NULL,73,75,39),(1067,0,NULL,NULL,73,76,39),(1068,0,NULL,NULL,73,77,39),(1069,0,NULL,NULL,73,78,39),(1070,0,NULL,NULL,73,79,39),(1071,0,NULL,NULL,73,80,39),(1072,0,NULL,NULL,74,75,39),(1073,0,NULL,NULL,74,76,39),(1074,0,NULL,NULL,74,77,39),(1075,0,NULL,NULL,74,78,39),(1076,0,NULL,NULL,74,79,39),(1077,0,NULL,NULL,74,80,39),(1078,0,NULL,NULL,75,76,39),(1079,0,NULL,NULL,75,77,39),(1080,0,NULL,NULL,75,78,39),(1081,0,NULL,NULL,75,79,39),(1082,0,NULL,NULL,75,80,39),(1083,0,NULL,NULL,76,77,39),(1084,0,NULL,NULL,76,78,39),(1085,0,NULL,NULL,76,79,39),(1086,0,NULL,NULL,76,80,39),(1087,0,NULL,NULL,77,78,39),(1088,0,NULL,NULL,77,79,39),(1089,0,NULL,NULL,77,80,39),(1090,0,NULL,NULL,78,79,39),(1091,0,NULL,NULL,78,80,39),(1092,0,NULL,NULL,79,80,39),(1093,0,NULL,NULL,73,74,40),(1094,0,NULL,NULL,73,75,40),(1095,0,NULL,NULL,73,76,40),(1096,0,NULL,NULL,73,77,40),(1097,0,NULL,NULL,73,78,40),(1098,0,NULL,NULL,73,79,40),(1099,0,NULL,NULL,73,80,40),(1100,0,NULL,NULL,74,75,40),(1101,0,NULL,NULL,74,76,40),(1102,0,NULL,NULL,74,77,40),(1103,0,NULL,NULL,74,78,40),(1104,0,NULL,NULL,74,79,40),(1105,0,NULL,NULL,74,80,40),(1106,0,NULL,NULL,75,76,40),(1107,0,NULL,NULL,75,77,40),(1108,0,NULL,NULL,75,78,40),(1109,0,NULL,NULL,75,79,40),(1110,0,NULL,NULL,75,80,40),(1111,0,NULL,NULL,76,77,40),(1112,0,NULL,NULL,76,78,40),(1113,0,NULL,NULL,76,79,40),(1114,0,NULL,NULL,76,80,40),(1115,0,NULL,NULL,77,78,40),(1116,0,NULL,NULL,77,79,40),(1117,0,NULL,NULL,77,80,40),(1118,0,NULL,NULL,78,79,40),(1119,0,NULL,NULL,78,80,40),(1120,0,NULL,NULL,79,80,40),(1121,0,NULL,NULL,81,82,41),(1122,0,NULL,NULL,81,83,41),(1123,0,NULL,NULL,81,84,41),(1124,0,NULL,NULL,81,85,41),(1125,0,NULL,NULL,81,86,41),(1126,0,NULL,NULL,81,87,41),(1127,0,NULL,NULL,81,88,41),(1128,0,NULL,NULL,82,83,41),(1129,0,NULL,NULL,82,84,41),(1130,0,NULL,NULL,82,85,41),(1131,0,NULL,NULL,82,86,41),(1132,0,NULL,NULL,82,87,41),(1133,0,NULL,NULL,82,88,41),(1134,0,NULL,NULL,83,84,41),(1135,0,NULL,NULL,83,85,41),(1136,0,NULL,NULL,83,86,41),(1137,0,NULL,NULL,83,87,41),(1138,0,NULL,NULL,83,88,41),(1139,0,NULL,NULL,84,85,41),(1140,0,NULL,NULL,84,86,41),(1141,0,NULL,NULL,84,87,41),(1142,0,NULL,NULL,84,88,41),(1143,0,NULL,NULL,85,86,41),(1144,0,NULL,NULL,85,87,41),(1145,0,NULL,NULL,85,88,41),(1146,0,NULL,NULL,86,87,41),(1147,0,NULL,NULL,86,88,41),(1148,0,NULL,NULL,87,88,41),(1149,0,NULL,NULL,81,82,42),(1150,0,NULL,NULL,81,83,42),(1151,0,NULL,NULL,81,84,42),(1152,0,NULL,NULL,81,85,42),(1153,0,NULL,NULL,81,86,42),(1154,0,NULL,NULL,81,87,42),(1155,0,NULL,NULL,81,88,42),(1156,0,NULL,NULL,82,83,42),(1157,0,NULL,NULL,82,84,42),(1158,0,NULL,NULL,82,85,42),(1159,0,NULL,NULL,82,86,42),(1160,0,NULL,NULL,82,87,42),(1161,0,NULL,NULL,82,88,42),(1162,0,NULL,NULL,83,84,42),(1163,0,NULL,NULL,83,85,42),(1164,0,NULL,NULL,83,86,42),(1165,0,NULL,NULL,83,87,42),(1166,0,NULL,NULL,83,88,42),(1167,0,NULL,NULL,84,85,42),(1168,0,NULL,NULL,84,86,42),(1169,0,NULL,NULL,84,87,42),(1170,0,NULL,NULL,84,88,42),(1171,0,NULL,NULL,85,86,42),(1172,0,NULL,NULL,85,87,42),(1173,0,NULL,NULL,85,88,42),(1174,0,NULL,NULL,86,87,42),(1175,0,NULL,NULL,86,88,42),(1176,0,NULL,NULL,87,88,42),(1177,0,NULL,NULL,81,82,43),(1178,0,NULL,NULL,81,83,43),(1179,0,NULL,NULL,81,84,43),(1180,0,NULL,NULL,81,85,43),(1181,0,NULL,NULL,81,86,43),(1182,0,NULL,NULL,81,87,43),(1183,0,NULL,NULL,81,88,43),(1184,0,NULL,NULL,82,83,43),(1185,0,NULL,NULL,82,84,43),(1186,0,NULL,NULL,82,85,43),(1187,0,NULL,NULL,82,86,43),(1188,0,NULL,NULL,82,87,43),(1189,0,NULL,NULL,82,88,43),(1190,0,NULL,NULL,83,84,43),(1191,0,NULL,NULL,83,85,43),(1192,0,NULL,NULL,83,86,43),(1193,0,NULL,NULL,83,87,43),(1194,0,NULL,NULL,83,88,43),(1195,0,NULL,NULL,84,85,43),(1196,0,NULL,NULL,84,86,43),(1197,0,NULL,NULL,84,87,43),(1198,0,NULL,NULL,84,88,43),(1199,0,NULL,NULL,85,86,43),(1200,0,NULL,NULL,85,87,43),(1201,0,NULL,NULL,85,88,43),(1202,0,NULL,NULL,86,87,43),(1203,0,NULL,NULL,86,88,43),(1204,0,NULL,NULL,87,88,43),(1205,0,NULL,NULL,81,82,44),(1206,0,NULL,NULL,81,83,44),(1207,0,NULL,NULL,81,84,44),(1208,0,NULL,NULL,81,85,44),(1209,0,NULL,NULL,81,86,44),(1210,0,NULL,NULL,81,87,44),(1211,0,NULL,NULL,81,88,44),(1212,0,NULL,NULL,82,83,44),(1213,0,NULL,NULL,82,84,44),(1214,0,NULL,NULL,82,85,44),(1215,0,NULL,NULL,82,86,44),(1216,0,NULL,NULL,82,87,44),(1217,0,NULL,NULL,82,88,44),(1218,0,NULL,NULL,83,84,44),(1219,0,NULL,NULL,83,85,44),(1220,0,NULL,NULL,83,86,44),(1221,0,NULL,NULL,83,87,44),(1222,0,NULL,NULL,83,88,44),(1223,0,NULL,NULL,84,85,44),(1224,0,NULL,NULL,84,86,44),(1225,0,NULL,NULL,84,87,44),(1226,0,NULL,NULL,84,88,44),(1227,0,NULL,NULL,85,86,44),(1228,0,NULL,NULL,85,87,44),(1229,0,NULL,NULL,85,88,44),(1230,0,NULL,NULL,86,87,44),(1231,0,NULL,NULL,86,88,44),(1232,0,NULL,NULL,87,88,44),(1233,0,NULL,NULL,89,90,45),(1234,0,NULL,NULL,89,91,45),(1235,0,NULL,NULL,89,92,45),(1236,0,NULL,NULL,89,93,45),(1237,0,NULL,NULL,89,94,45),(1238,0,NULL,NULL,89,95,45),(1239,0,NULL,NULL,89,96,45),(1240,0,NULL,NULL,90,91,45),(1241,0,NULL,NULL,90,92,45),(1242,0,NULL,NULL,90,93,45),(1243,0,NULL,NULL,90,94,45),(1244,0,NULL,NULL,90,95,45),(1245,0,NULL,NULL,90,96,45),(1246,0,NULL,NULL,91,92,45),(1247,0,NULL,NULL,91,93,45),(1248,0,NULL,NULL,91,94,45),(1249,0,NULL,NULL,91,95,45),(1250,0,NULL,NULL,91,96,45),(1251,0,NULL,NULL,92,93,45),(1252,0,NULL,NULL,92,94,45),(1253,0,NULL,NULL,92,95,45),(1254,0,NULL,NULL,92,96,45),(1255,0,NULL,NULL,93,94,45),(1256,0,NULL,NULL,93,95,45),(1257,0,NULL,NULL,93,96,45),(1258,0,NULL,NULL,94,95,45),(1259,0,NULL,NULL,94,96,45),(1260,0,NULL,NULL,95,96,45),(1261,0,NULL,NULL,89,90,46),(1262,0,NULL,NULL,89,91,46),(1263,0,NULL,NULL,89,92,46),(1264,0,NULL,NULL,89,93,46),(1265,0,NULL,NULL,89,94,46),(1266,0,NULL,NULL,89,95,46),(1267,0,NULL,NULL,89,96,46),(1268,0,NULL,NULL,90,91,46),(1269,0,NULL,NULL,90,92,46),(1270,0,NULL,NULL,90,93,46),(1271,0,NULL,NULL,90,94,46),(1272,0,NULL,NULL,90,95,46),(1273,0,NULL,NULL,90,96,46),(1274,0,NULL,NULL,91,92,46),(1275,0,NULL,NULL,91,93,46),(1276,0,NULL,NULL,91,94,46),(1277,0,NULL,NULL,91,95,46),(1278,0,NULL,NULL,91,96,46),(1279,0,NULL,NULL,92,93,46),(1280,0,NULL,NULL,92,94,46),(1281,0,NULL,NULL,92,95,46),(1282,0,NULL,NULL,92,96,46),(1283,0,NULL,NULL,93,94,46),(1284,0,NULL,NULL,93,95,46),(1285,0,NULL,NULL,93,96,46),(1286,0,NULL,NULL,94,95,46),(1287,0,NULL,NULL,94,96,46),(1288,0,NULL,NULL,95,96,46),(1289,0,NULL,NULL,89,90,47),(1290,0,NULL,NULL,89,91,47),(1291,0,NULL,NULL,89,92,47),(1292,0,NULL,NULL,89,93,47),(1293,0,NULL,NULL,89,94,47),(1294,0,NULL,NULL,89,95,47),(1295,0,NULL,NULL,89,96,47),(1296,0,NULL,NULL,90,91,47),(1297,0,NULL,NULL,90,92,47),(1298,0,NULL,NULL,90,93,47),(1299,0,NULL,NULL,90,94,47),(1300,0,NULL,NULL,90,95,47),(1301,0,NULL,NULL,90,96,47),(1302,0,NULL,NULL,91,92,47),(1303,0,NULL,NULL,91,93,47),(1304,0,NULL,NULL,91,94,47),(1305,0,NULL,NULL,91,95,47),(1306,0,NULL,NULL,91,96,47),(1307,0,NULL,NULL,92,93,47),(1308,0,NULL,NULL,92,94,47),(1309,0,NULL,NULL,92,95,47),(1310,0,NULL,NULL,92,96,47),(1311,0,NULL,NULL,93,94,47),(1312,0,NULL,NULL,93,95,47),(1313,0,NULL,NULL,93,96,47),(1314,0,NULL,NULL,94,95,47),(1315,0,NULL,NULL,94,96,47),(1316,0,NULL,NULL,95,96,47),(1317,0,NULL,NULL,89,90,48),(1318,0,NULL,NULL,89,91,48),(1319,0,NULL,NULL,89,92,48),(1320,0,NULL,NULL,89,93,48),(1321,0,NULL,NULL,89,94,48),(1322,0,NULL,NULL,89,95,48),(1323,0,NULL,NULL,89,96,48),(1324,0,NULL,NULL,90,91,48),(1325,0,NULL,NULL,90,92,48),(1326,0,NULL,NULL,90,93,48),(1327,0,NULL,NULL,90,94,48),(1328,0,NULL,NULL,90,95,48),(1329,0,NULL,NULL,90,96,48),(1330,0,NULL,NULL,91,92,48),(1331,0,NULL,NULL,91,93,48),(1332,0,NULL,NULL,91,94,48),(1333,0,NULL,NULL,91,95,48),(1334,0,NULL,NULL,91,96,48),(1335,0,NULL,NULL,92,93,48),(1336,0,NULL,NULL,92,94,48),(1337,0,NULL,NULL,92,95,48),(1338,0,NULL,NULL,92,96,48),(1339,0,NULL,NULL,93,94,48),(1340,0,NULL,NULL,93,95,48),(1341,0,NULL,NULL,93,96,48),(1342,0,NULL,NULL,94,95,48),(1343,0,NULL,NULL,94,96,48),(1344,0,NULL,NULL,95,96,48),(1345,0,NULL,NULL,97,98,49),(1346,0,NULL,NULL,97,99,49),(1347,0,NULL,NULL,97,100,49),(1348,0,NULL,NULL,97,101,49),(1349,0,NULL,NULL,97,102,49),(1350,0,NULL,NULL,97,103,49),(1351,0,NULL,NULL,97,104,49),(1352,0,NULL,NULL,98,99,49),(1353,0,NULL,NULL,98,100,49),(1354,0,NULL,NULL,98,101,49),(1355,0,NULL,NULL,98,102,49),(1356,0,NULL,NULL,98,103,49),(1357,0,NULL,NULL,98,104,49),(1358,0,NULL,NULL,99,100,49),(1359,0,NULL,NULL,99,101,49),(1360,0,NULL,NULL,99,102,49),(1361,0,NULL,NULL,99,103,49),(1362,0,NULL,NULL,99,104,49),(1363,0,NULL,NULL,100,101,49),(1364,0,NULL,NULL,100,102,49),(1365,0,NULL,NULL,100,103,49),(1366,0,NULL,NULL,100,104,49),(1367,0,NULL,NULL,101,102,49),(1368,0,NULL,NULL,101,103,49),(1369,0,NULL,NULL,101,104,49),(1370,0,NULL,NULL,102,103,49),(1371,0,NULL,NULL,102,104,49),(1372,0,NULL,NULL,103,104,49),(1373,0,NULL,NULL,97,98,50),(1374,0,NULL,NULL,97,99,50),(1375,0,NULL,NULL,97,100,50),(1376,0,NULL,NULL,97,101,50),(1377,0,NULL,NULL,97,102,50),(1378,0,NULL,NULL,97,103,50),(1379,0,NULL,NULL,97,104,50),(1380,0,NULL,NULL,98,99,50),(1381,0,NULL,NULL,98,100,50),(1382,0,NULL,NULL,98,101,50),(1383,0,NULL,NULL,98,102,50),(1384,0,NULL,NULL,98,103,50),(1385,0,NULL,NULL,98,104,50),(1386,0,NULL,NULL,99,100,50),(1387,0,NULL,NULL,99,101,50),(1388,0,NULL,NULL,99,102,50),(1389,0,NULL,NULL,99,103,50),(1390,0,NULL,NULL,99,104,50),(1391,0,NULL,NULL,100,101,50),(1392,0,NULL,NULL,100,102,50),(1393,0,NULL,NULL,100,103,50),(1394,0,NULL,NULL,100,104,50),(1395,0,NULL,NULL,101,102,50),(1396,0,NULL,NULL,101,103,50),(1397,0,NULL,NULL,101,104,50),(1398,0,NULL,NULL,102,103,50),(1399,0,NULL,NULL,102,104,50),(1400,0,NULL,NULL,103,104,50),(1401,0,NULL,NULL,97,98,51),(1402,0,NULL,NULL,97,99,51),(1403,0,NULL,NULL,97,100,51),(1404,0,NULL,NULL,97,101,51),(1405,0,NULL,NULL,97,102,51),(1406,0,NULL,NULL,97,103,51),(1407,0,NULL,NULL,97,104,51),(1408,0,NULL,NULL,98,99,51),(1409,0,NULL,NULL,98,100,51),(1410,0,NULL,NULL,98,101,51),(1411,0,NULL,NULL,98,102,51),(1412,0,NULL,NULL,98,103,51),(1413,0,NULL,NULL,98,104,51),(1414,0,NULL,NULL,99,100,51),(1415,0,NULL,NULL,99,101,51),(1416,0,NULL,NULL,99,102,51),(1417,0,NULL,NULL,99,103,51),(1418,0,NULL,NULL,99,104,51),(1419,0,NULL,NULL,100,101,51),(1420,0,NULL,NULL,100,102,51),(1421,0,NULL,NULL,100,103,51),(1422,0,NULL,NULL,100,104,51),(1423,0,NULL,NULL,101,102,51),(1424,0,NULL,NULL,101,103,51),(1425,0,NULL,NULL,101,104,51),(1426,0,NULL,NULL,102,103,51),(1427,0,NULL,NULL,102,104,51),(1428,0,NULL,NULL,103,104,51),(1429,0,NULL,NULL,97,98,52),(1430,0,NULL,NULL,97,99,52),(1431,0,NULL,NULL,97,100,52),(1432,0,NULL,NULL,97,101,52),(1433,0,NULL,NULL,97,102,52),(1434,0,NULL,NULL,97,103,52),(1435,0,NULL,NULL,97,104,52),(1436,0,NULL,NULL,98,99,52),(1437,0,NULL,NULL,98,100,52),(1438,0,NULL,NULL,98,101,52),(1439,0,NULL,NULL,98,102,52),(1440,0,NULL,NULL,98,103,52),(1441,0,NULL,NULL,98,104,52),(1442,0,NULL,NULL,99,100,52),(1443,0,NULL,NULL,99,101,52),(1444,0,NULL,NULL,99,102,52),(1445,0,NULL,NULL,99,103,52),(1446,0,NULL,NULL,99,104,52),(1447,0,NULL,NULL,100,101,52),(1448,0,NULL,NULL,100,102,52),(1449,0,NULL,NULL,100,103,52),(1450,0,NULL,NULL,100,104,52),(1451,0,NULL,NULL,101,102,52),(1452,0,NULL,NULL,101,103,52),(1453,0,NULL,NULL,101,104,52),(1454,0,NULL,NULL,102,103,52),(1455,0,NULL,NULL,102,104,52),(1456,0,NULL,NULL,103,104,52),(1457,0,NULL,NULL,105,106,53),(1458,0,NULL,NULL,105,107,53),(1459,0,NULL,NULL,105,108,53),(1460,0,NULL,NULL,105,109,53),(1461,0,NULL,NULL,105,110,53),(1462,0,NULL,NULL,105,111,53),(1463,0,NULL,NULL,105,112,53),(1464,0,NULL,NULL,106,107,53),(1465,0,NULL,NULL,106,108,53),(1466,0,NULL,NULL,106,109,53),(1467,0,NULL,NULL,106,110,53),(1468,0,NULL,NULL,106,111,53),(1469,0,NULL,NULL,106,112,53),(1470,0,NULL,NULL,107,108,53),(1471,0,NULL,NULL,107,109,53),(1472,0,NULL,NULL,107,110,53),(1473,0,NULL,NULL,107,111,53),(1474,0,NULL,NULL,107,112,53),(1475,0,NULL,NULL,108,109,53),(1476,0,NULL,NULL,108,110,53),(1477,0,NULL,NULL,108,111,53),(1478,0,NULL,NULL,108,112,53),(1479,0,NULL,NULL,109,110,53),(1480,0,NULL,NULL,109,111,53),(1481,0,NULL,NULL,109,112,53),(1482,0,NULL,NULL,110,111,53),(1483,0,NULL,NULL,110,112,53),(1484,0,NULL,NULL,111,112,53),(1485,0,NULL,NULL,105,106,54),(1486,0,NULL,NULL,105,107,54),(1487,0,NULL,NULL,105,108,54),(1488,0,NULL,NULL,105,109,54),(1489,0,NULL,NULL,105,110,54),(1490,0,NULL,NULL,105,111,54),(1491,0,NULL,NULL,105,112,54),(1492,0,NULL,NULL,106,107,54),(1493,0,NULL,NULL,106,108,54),(1494,0,NULL,NULL,106,109,54),(1495,0,NULL,NULL,106,110,54),(1496,0,NULL,NULL,106,111,54),(1497,0,NULL,NULL,106,112,54),(1498,0,NULL,NULL,107,108,54),(1499,0,NULL,NULL,107,109,54),(1500,0,NULL,NULL,107,110,54),(1501,0,NULL,NULL,107,111,54),(1502,0,NULL,NULL,107,112,54),(1503,0,NULL,NULL,108,109,54),(1504,0,NULL,NULL,108,110,54),(1505,0,NULL,NULL,108,111,54),(1506,0,NULL,NULL,108,112,54),(1507,0,NULL,NULL,109,110,54),(1508,0,NULL,NULL,109,111,54),(1509,0,NULL,NULL,109,112,54),(1510,0,NULL,NULL,110,111,54),(1511,0,NULL,NULL,110,112,54),(1512,0,NULL,NULL,111,112,54),(1513,0,NULL,NULL,105,106,55),(1514,0,NULL,NULL,105,107,55),(1515,0,NULL,NULL,105,108,55),(1516,0,NULL,NULL,105,109,55),(1517,0,NULL,NULL,105,110,55),(1518,0,NULL,NULL,105,111,55),(1519,0,NULL,NULL,105,112,55),(1520,0,NULL,NULL,106,107,55),(1521,0,NULL,NULL,106,108,55),(1522,0,NULL,NULL,106,109,55),(1523,0,NULL,NULL,106,110,55),(1524,0,NULL,NULL,106,111,55),(1525,0,NULL,NULL,106,112,55),(1526,0,NULL,NULL,107,108,55),(1527,0,NULL,NULL,107,109,55),(1528,0,NULL,NULL,107,110,55),(1529,0,NULL,NULL,107,111,55),(1530,0,NULL,NULL,107,112,55),(1531,0,NULL,NULL,108,109,55),(1532,0,NULL,NULL,108,110,55),(1533,0,NULL,NULL,108,111,55),(1534,0,NULL,NULL,108,112,55),(1535,0,NULL,NULL,109,110,55),(1536,0,NULL,NULL,109,111,55),(1537,0,NULL,NULL,109,112,55),(1538,0,NULL,NULL,110,111,55),(1539,0,NULL,NULL,110,112,55),(1540,0,NULL,NULL,111,112,55),(1541,0,NULL,NULL,105,106,56),(1542,0,NULL,NULL,105,107,56),(1543,0,NULL,NULL,105,108,56),(1544,0,NULL,NULL,105,109,56),(1545,0,NULL,NULL,105,110,56),(1546,0,NULL,NULL,105,111,56),(1547,0,NULL,NULL,105,112,56),(1548,0,NULL,NULL,106,107,56),(1549,0,NULL,NULL,106,108,56),(1550,0,NULL,NULL,106,109,56),(1551,0,NULL,NULL,106,110,56),(1552,0,NULL,NULL,106,111,56),(1553,0,NULL,NULL,106,112,56),(1554,0,NULL,NULL,107,108,56),(1555,0,NULL,NULL,107,109,56),(1556,0,NULL,NULL,107,110,56),(1557,0,NULL,NULL,107,111,56),(1558,0,NULL,NULL,107,112,56),(1559,0,NULL,NULL,108,109,56),(1560,0,NULL,NULL,108,110,56),(1561,0,NULL,NULL,108,111,56),(1562,0,NULL,NULL,108,112,56),(1563,0,NULL,NULL,109,110,56),(1564,0,NULL,NULL,109,111,56),(1565,0,NULL,NULL,109,112,56),(1566,0,NULL,NULL,110,111,56),(1567,0,NULL,NULL,110,112,56),(1568,0,NULL,NULL,111,112,56),(1569,0,NULL,NULL,113,114,57),(1570,0,NULL,NULL,113,115,57),(1571,0,NULL,NULL,113,116,57),(1572,0,NULL,NULL,113,117,57),(1573,0,NULL,NULL,113,118,57),(1574,0,NULL,NULL,113,119,57),(1575,0,NULL,NULL,113,120,57),(1576,0,NULL,NULL,114,115,57),(1577,0,NULL,NULL,114,116,57),(1578,0,NULL,NULL,114,117,57),(1579,0,NULL,NULL,114,118,57),(1580,0,NULL,NULL,114,119,57),(1581,0,NULL,NULL,114,120,57),(1582,0,NULL,NULL,115,116,57),(1583,0,NULL,NULL,115,117,57),(1584,0,NULL,NULL,115,118,57),(1585,0,NULL,NULL,115,119,57),(1586,0,NULL,NULL,115,120,57),(1587,0,NULL,NULL,116,117,57),(1588,0,NULL,NULL,116,118,57),(1589,0,NULL,NULL,116,119,57),(1590,0,NULL,NULL,116,120,57),(1591,0,NULL,NULL,117,118,57),(1592,0,NULL,NULL,117,119,57),(1593,0,NULL,NULL,117,120,57),(1594,0,NULL,NULL,118,119,57),(1595,0,NULL,NULL,118,120,57),(1596,0,NULL,NULL,119,120,57),(1597,0,NULL,NULL,113,114,58),(1598,0,NULL,NULL,113,115,58),(1599,0,NULL,NULL,113,116,58),(1600,0,NULL,NULL,113,117,58),(1601,0,NULL,NULL,113,118,58),(1602,0,NULL,NULL,113,119,58),(1603,0,NULL,NULL,113,120,58),(1604,0,NULL,NULL,114,115,58),(1605,0,NULL,NULL,114,116,58),(1606,0,NULL,NULL,114,117,58),(1607,0,NULL,NULL,114,118,58),(1608,0,NULL,NULL,114,119,58),(1609,0,NULL,NULL,114,120,58),(1610,0,NULL,NULL,115,116,58),(1611,0,NULL,NULL,115,117,58),(1612,0,NULL,NULL,115,118,58),(1613,0,NULL,NULL,115,119,58),(1614,0,NULL,NULL,115,120,58),(1615,0,NULL,NULL,116,117,58),(1616,0,NULL,NULL,116,118,58),(1617,0,NULL,NULL,116,119,58),(1618,0,NULL,NULL,116,120,58),(1619,0,NULL,NULL,117,118,58),(1620,0,NULL,NULL,117,119,58),(1621,0,NULL,NULL,117,120,58),(1622,0,NULL,NULL,118,119,58),(1623,0,NULL,NULL,118,120,58),(1624,0,NULL,NULL,119,120,58),(1625,0,NULL,NULL,113,114,59),(1626,0,NULL,NULL,113,115,59),(1627,0,NULL,NULL,113,116,59),(1628,0,NULL,NULL,113,117,59),(1629,0,NULL,NULL,113,118,59),(1630,0,NULL,NULL,113,119,59),(1631,0,NULL,NULL,113,120,59),(1632,0,NULL,NULL,114,115,59),(1633,0,NULL,NULL,114,116,59),(1634,0,NULL,NULL,114,117,59),(1635,0,NULL,NULL,114,118,59),(1636,0,NULL,NULL,114,119,59),(1637,0,NULL,NULL,114,120,59),(1638,0,NULL,NULL,115,116,59),(1639,0,NULL,NULL,115,117,59),(1640,0,NULL,NULL,115,118,59),(1641,0,NULL,NULL,115,119,59),(1642,0,NULL,NULL,115,120,59),(1643,0,NULL,NULL,116,117,59),(1644,0,NULL,NULL,116,118,59),(1645,0,NULL,NULL,116,119,59),(1646,0,NULL,NULL,116,120,59),(1647,0,NULL,NULL,117,118,59),(1648,0,NULL,NULL,117,119,59),(1649,0,NULL,NULL,117,120,59),(1650,0,NULL,NULL,118,119,59),(1651,0,NULL,NULL,118,120,59),(1652,0,NULL,NULL,119,120,59),(1653,0,NULL,NULL,113,114,60),(1654,0,NULL,NULL,113,115,60),(1655,0,NULL,NULL,113,116,60),(1656,0,NULL,NULL,113,117,60),(1657,0,NULL,NULL,113,118,60),(1658,0,NULL,NULL,113,119,60),(1659,0,NULL,NULL,113,120,60),(1660,0,NULL,NULL,114,115,60),(1661,0,NULL,NULL,114,116,60),(1662,0,NULL,NULL,114,117,60),(1663,0,NULL,NULL,114,118,60),(1664,0,NULL,NULL,114,119,60),(1665,0,NULL,NULL,114,120,60),(1666,0,NULL,NULL,115,116,60),(1667,0,NULL,NULL,115,117,60),(1668,0,NULL,NULL,115,118,60),(1669,0,NULL,NULL,115,119,60),(1670,0,NULL,NULL,115,120,60),(1671,0,NULL,NULL,116,117,60),(1672,0,NULL,NULL,116,118,60),(1673,0,NULL,NULL,116,119,60),(1674,0,NULL,NULL,116,120,60),(1675,0,NULL,NULL,117,118,60),(1676,0,NULL,NULL,117,119,60),(1677,0,NULL,NULL,117,120,60),(1678,0,NULL,NULL,118,119,60),(1679,0,NULL,NULL,118,120,60),(1680,0,NULL,NULL,119,120,60),(1681,0,NULL,NULL,121,122,61),(1682,0,NULL,NULL,121,123,61),(1683,0,NULL,NULL,121,124,61),(1684,0,NULL,NULL,121,125,61),(1685,0,NULL,NULL,121,126,61),(1686,0,NULL,NULL,121,127,61),(1687,0,NULL,NULL,121,128,61),(1688,0,NULL,NULL,122,123,61),(1689,0,NULL,NULL,122,124,61),(1690,0,NULL,NULL,122,125,61),(1691,0,NULL,NULL,122,126,61),(1692,0,NULL,NULL,122,127,61),(1693,0,NULL,NULL,122,128,61),(1694,0,NULL,NULL,123,124,61),(1695,0,NULL,NULL,123,125,61),(1696,0,NULL,NULL,123,126,61),(1697,0,NULL,NULL,123,127,61),(1698,0,NULL,NULL,123,128,61),(1699,0,NULL,NULL,124,125,61),(1700,0,NULL,NULL,124,126,61),(1701,0,NULL,NULL,124,127,61),(1702,0,NULL,NULL,124,128,61),(1703,0,NULL,NULL,125,126,61),(1704,0,NULL,NULL,125,127,61),(1705,0,NULL,NULL,125,128,61),(1706,0,NULL,NULL,126,127,61),(1707,0,NULL,NULL,126,128,61),(1708,0,NULL,NULL,127,128,61),(1709,0,NULL,NULL,121,122,62),(1710,0,NULL,NULL,121,123,62),(1711,0,NULL,NULL,121,124,62),(1712,0,NULL,NULL,121,125,62),(1713,0,NULL,NULL,121,126,62),(1714,0,NULL,NULL,121,127,62),(1715,0,NULL,NULL,121,128,62),(1716,0,NULL,NULL,122,123,62),(1717,0,NULL,NULL,122,124,62),(1718,0,NULL,NULL,122,125,62),(1719,0,NULL,NULL,122,126,62),(1720,0,NULL,NULL,122,127,62),(1721,0,NULL,NULL,122,128,62),(1722,0,NULL,NULL,123,124,62),(1723,0,NULL,NULL,123,125,62),(1724,0,NULL,NULL,123,126,62),(1725,0,NULL,NULL,123,127,62),(1726,0,NULL,NULL,123,128,62),(1727,0,NULL,NULL,124,125,62),(1728,0,NULL,NULL,124,126,62),(1729,0,NULL,NULL,124,127,62),(1730,0,NULL,NULL,124,128,62),(1731,0,NULL,NULL,125,126,62),(1732,0,NULL,NULL,125,127,62),(1733,0,NULL,NULL,125,128,62),(1734,0,NULL,NULL,126,127,62),(1735,0,NULL,NULL,126,128,62),(1736,0,NULL,NULL,127,128,62),(1737,0,NULL,NULL,121,122,63),(1738,0,NULL,NULL,121,123,63),(1739,0,NULL,NULL,121,124,63),(1740,0,NULL,NULL,121,125,63),(1741,0,NULL,NULL,121,126,63),(1742,0,NULL,NULL,121,127,63),(1743,0,NULL,NULL,121,128,63),(1744,0,NULL,NULL,122,123,63),(1745,0,NULL,NULL,122,124,63),(1746,0,NULL,NULL,122,125,63),(1747,0,NULL,NULL,122,126,63),(1748,0,NULL,NULL,122,127,63),(1749,0,NULL,NULL,122,128,63),(1750,0,NULL,NULL,123,124,63),(1751,0,NULL,NULL,123,125,63),(1752,0,NULL,NULL,123,126,63),(1753,0,NULL,NULL,123,127,63),(1754,0,NULL,NULL,123,128,63),(1755,0,NULL,NULL,124,125,63),(1756,0,NULL,NULL,124,126,63),(1757,0,NULL,NULL,124,127,63),(1758,0,NULL,NULL,124,128,63),(1759,0,NULL,NULL,125,126,63),(1760,0,NULL,NULL,125,127,63),(1761,0,NULL,NULL,125,128,63),(1762,0,NULL,NULL,126,127,63),(1763,0,NULL,NULL,126,128,63),(1764,0,NULL,NULL,127,128,63),(1765,0,NULL,NULL,121,122,64),(1766,0,NULL,NULL,121,123,64),(1767,0,NULL,NULL,121,124,64),(1768,0,NULL,NULL,121,125,64),(1769,0,NULL,NULL,121,126,64),(1770,0,NULL,NULL,121,127,64),(1771,0,NULL,NULL,121,128,64),(1772,0,NULL,NULL,122,123,64),(1773,0,NULL,NULL,122,124,64),(1774,0,NULL,NULL,122,125,64),(1775,0,NULL,NULL,122,126,64),(1776,0,NULL,NULL,122,127,64),(1777,0,NULL,NULL,122,128,64),(1778,0,NULL,NULL,123,124,64),(1779,0,NULL,NULL,123,125,64),(1780,0,NULL,NULL,123,126,64),(1781,0,NULL,NULL,123,127,64),(1782,0,NULL,NULL,123,128,64),(1783,0,NULL,NULL,124,125,64),(1784,0,NULL,NULL,124,126,64),(1785,0,NULL,NULL,124,127,64),(1786,0,NULL,NULL,124,128,64),(1787,0,NULL,NULL,125,126,64),(1788,0,NULL,NULL,125,127,64),(1789,0,NULL,NULL,125,128,64),(1790,0,NULL,NULL,126,127,64),(1791,0,NULL,NULL,126,128,64),(1792,0,NULL,NULL,127,128,64),(1793,0,NULL,NULL,129,130,65),(1794,0,NULL,NULL,129,131,65),(1795,0,NULL,NULL,129,132,65),(1796,0,NULL,NULL,129,133,65),(1797,0,NULL,NULL,129,134,65),(1798,0,NULL,NULL,129,135,65),(1799,0,NULL,NULL,129,136,65),(1800,0,NULL,NULL,130,131,65),(1801,0,NULL,NULL,130,132,65),(1802,0,NULL,NULL,130,133,65),(1803,0,NULL,NULL,130,134,65),(1804,0,NULL,NULL,130,135,65),(1805,0,NULL,NULL,130,136,65),(1806,0,NULL,NULL,131,132,65),(1807,0,NULL,NULL,131,133,65),(1808,0,NULL,NULL,131,134,65),(1809,0,NULL,NULL,131,135,65),(1810,0,NULL,NULL,131,136,65),(1811,0,NULL,NULL,132,133,65),(1812,0,NULL,NULL,132,134,65),(1813,0,NULL,NULL,132,135,65),(1814,0,NULL,NULL,132,136,65),(1815,0,NULL,NULL,133,134,65),(1816,0,NULL,NULL,133,135,65),(1817,0,NULL,NULL,133,136,65),(1818,0,NULL,NULL,134,135,65),(1819,0,NULL,NULL,134,136,65),(1820,0,NULL,NULL,135,136,65),(1821,0,NULL,NULL,129,130,66),(1822,0,NULL,NULL,129,131,66),(1823,0,NULL,NULL,129,132,66),(1824,0,NULL,NULL,129,133,66),(1825,0,NULL,NULL,129,134,66),(1826,0,NULL,NULL,129,135,66),(1827,0,NULL,NULL,129,136,66),(1828,0,NULL,NULL,130,131,66),(1829,0,NULL,NULL,130,132,66),(1830,0,NULL,NULL,130,133,66),(1831,0,NULL,NULL,130,134,66),(1832,0,NULL,NULL,130,135,66),(1833,0,NULL,NULL,130,136,66),(1834,0,NULL,NULL,131,132,66),(1835,0,NULL,NULL,131,133,66),(1836,0,NULL,NULL,131,134,66),(1837,0,NULL,NULL,131,135,66),(1838,0,NULL,NULL,131,136,66),(1839,0,NULL,NULL,132,133,66),(1840,0,NULL,NULL,132,134,66),(1841,0,NULL,NULL,132,135,66),(1842,0,NULL,NULL,132,136,66),(1843,0,NULL,NULL,133,134,66),(1844,0,NULL,NULL,133,135,66),(1845,0,NULL,NULL,133,136,66),(1846,0,NULL,NULL,134,135,66),(1847,0,NULL,NULL,134,136,66),(1848,0,NULL,NULL,135,136,66),(1849,0,NULL,NULL,129,130,67),(1850,0,NULL,NULL,129,131,67),(1851,0,NULL,NULL,129,132,67),(1852,0,NULL,NULL,129,133,67),(1853,0,NULL,NULL,129,134,67),(1854,0,NULL,NULL,129,135,67),(1855,0,NULL,NULL,129,136,67),(1856,0,NULL,NULL,130,131,67),(1857,0,NULL,NULL,130,132,67),(1858,0,NULL,NULL,130,133,67),(1859,0,NULL,NULL,130,134,67),(1860,0,NULL,NULL,130,135,67),(1861,0,NULL,NULL,130,136,67),(1862,0,NULL,NULL,131,132,67),(1863,0,NULL,NULL,131,133,67),(1864,0,NULL,NULL,131,134,67),(1865,0,NULL,NULL,131,135,67),(1866,0,NULL,NULL,131,136,67),(1867,0,NULL,NULL,132,133,67),(1868,0,NULL,NULL,132,134,67),(1869,0,NULL,NULL,132,135,67),(1870,0,NULL,NULL,132,136,67),(1871,0,NULL,NULL,133,134,67),(1872,0,NULL,NULL,133,135,67),(1873,0,NULL,NULL,133,136,67),(1874,0,NULL,NULL,134,135,67),(1875,0,NULL,NULL,134,136,67),(1876,0,NULL,NULL,135,136,67),(1877,0,NULL,NULL,129,130,68),(1878,0,NULL,NULL,129,131,68),(1879,0,NULL,NULL,129,132,68),(1880,0,NULL,NULL,129,133,68),(1881,0,NULL,NULL,129,134,68),(1882,0,NULL,NULL,129,135,68),(1883,0,NULL,NULL,129,136,68),(1884,0,NULL,NULL,130,131,68),(1885,0,NULL,NULL,130,132,68),(1886,0,NULL,NULL,130,133,68),(1887,0,NULL,NULL,130,134,68),(1888,0,NULL,NULL,130,135,68),(1889,0,NULL,NULL,130,136,68),(1890,0,NULL,NULL,131,132,68),(1891,0,NULL,NULL,131,133,68),(1892,0,NULL,NULL,131,134,68),(1893,0,NULL,NULL,131,135,68),(1894,0,NULL,NULL,131,136,68),(1895,0,NULL,NULL,132,133,68),(1896,0,NULL,NULL,132,134,68),(1897,0,NULL,NULL,132,135,68),(1898,0,NULL,NULL,132,136,68),(1899,0,NULL,NULL,133,134,68),(1900,0,NULL,NULL,133,135,68),(1901,0,NULL,NULL,133,136,68),(1902,0,NULL,NULL,134,135,68),(1903,0,NULL,NULL,134,136,68),(1904,0,NULL,NULL,135,136,68),(1905,0,NULL,NULL,137,138,69),(1906,0,NULL,NULL,137,139,69),(1907,0,NULL,NULL,137,140,69),(1908,0,NULL,NULL,137,141,69),(1909,0,NULL,NULL,137,142,69),(1910,0,NULL,NULL,137,143,69),(1911,0,NULL,NULL,137,144,69),(1912,0,NULL,NULL,138,139,69),(1913,0,NULL,NULL,138,140,69),(1914,0,NULL,NULL,138,141,69),(1915,0,NULL,NULL,138,142,69),(1916,0,NULL,NULL,138,143,69),(1917,0,NULL,NULL,138,144,69),(1918,0,NULL,NULL,139,140,69),(1919,0,NULL,NULL,139,141,69),(1920,0,NULL,NULL,139,142,69),(1921,0,NULL,NULL,139,143,69),(1922,0,NULL,NULL,139,144,69),(1923,0,NULL,NULL,140,141,69),(1924,0,NULL,NULL,140,142,69),(1925,0,NULL,NULL,140,143,69),(1926,0,NULL,NULL,140,144,69),(1927,0,NULL,NULL,141,142,69),(1928,0,NULL,NULL,141,143,69),(1929,0,NULL,NULL,141,144,69),(1930,0,NULL,NULL,142,143,69),(1931,0,NULL,NULL,142,144,69),(1932,0,NULL,NULL,143,144,69),(1933,0,NULL,NULL,137,138,70),(1934,0,NULL,NULL,137,139,70),(1935,0,NULL,NULL,137,140,70),(1936,0,NULL,NULL,137,141,70),(1937,0,NULL,NULL,137,142,70),(1938,0,NULL,NULL,137,143,70),(1939,0,NULL,NULL,137,144,70),(1940,0,NULL,NULL,138,139,70),(1941,0,NULL,NULL,138,140,70),(1942,0,NULL,NULL,138,141,70),(1943,0,NULL,NULL,138,142,70),(1944,0,NULL,NULL,138,143,70),(1945,0,NULL,NULL,138,144,70),(1946,0,NULL,NULL,139,140,70),(1947,0,NULL,NULL,139,141,70),(1948,0,NULL,NULL,139,142,70),(1949,0,NULL,NULL,139,143,70),(1950,0,NULL,NULL,139,144,70),(1951,0,NULL,NULL,140,141,70),(1952,0,NULL,NULL,140,142,70),(1953,0,NULL,NULL,140,143,70),(1954,0,NULL,NULL,140,144,70),(1955,0,NULL,NULL,141,142,70),(1956,0,NULL,NULL,141,143,70),(1957,0,NULL,NULL,141,144,70),(1958,0,NULL,NULL,142,143,70),(1959,0,NULL,NULL,142,144,70),(1960,0,NULL,NULL,143,144,70),(1961,0,NULL,NULL,137,138,71),(1962,0,NULL,NULL,137,139,71),(1963,0,NULL,NULL,137,140,71),(1964,0,NULL,NULL,137,141,71),(1965,0,NULL,NULL,137,142,71),(1966,0,NULL,NULL,137,143,71),(1967,0,NULL,NULL,137,144,71),(1968,0,NULL,NULL,138,139,71),(1969,0,NULL,NULL,138,140,71),(1970,0,NULL,NULL,138,141,71),(1971,0,NULL,NULL,138,142,71),(1972,0,NULL,NULL,138,143,71),(1973,0,NULL,NULL,138,144,71),(1974,0,NULL,NULL,139,140,71),(1975,0,NULL,NULL,139,141,71),(1976,0,NULL,NULL,139,142,71),(1977,0,NULL,NULL,139,143,71),(1978,0,NULL,NULL,139,144,71),(1979,0,NULL,NULL,140,141,71),(1980,0,NULL,NULL,140,142,71),(1981,0,NULL,NULL,140,143,71),(1982,0,NULL,NULL,140,144,71),(1983,0,NULL,NULL,141,142,71),(1984,0,NULL,NULL,141,143,71),(1985,0,NULL,NULL,141,144,71),(1986,0,NULL,NULL,142,143,71),(1987,0,NULL,NULL,142,144,71),(1988,0,NULL,NULL,143,144,71),(1989,0,NULL,NULL,137,138,72),(1990,0,NULL,NULL,137,139,72),(1991,0,NULL,NULL,137,140,72),(1992,0,NULL,NULL,137,141,72),(1993,0,NULL,NULL,137,142,72),(1994,0,NULL,NULL,137,143,72),(1995,0,NULL,NULL,137,144,72),(1996,0,NULL,NULL,138,139,72),(1997,0,NULL,NULL,138,140,72),(1998,0,NULL,NULL,138,141,72),(1999,0,NULL,NULL,138,142,72),(2000,0,NULL,NULL,138,143,72),(2001,0,NULL,NULL,138,144,72),(2002,0,NULL,NULL,139,140,72),(2003,0,NULL,NULL,139,141,72),(2004,0,NULL,NULL,139,142,72),(2005,0,NULL,NULL,139,143,72),(2006,0,NULL,NULL,139,144,72),(2007,0,NULL,NULL,140,141,72),(2008,0,NULL,NULL,140,142,72),(2009,0,NULL,NULL,140,143,72),(2010,0,NULL,NULL,140,144,72),(2011,0,NULL,NULL,141,142,72),(2012,0,NULL,NULL,141,143,72),(2013,0,NULL,NULL,141,144,72),(2014,0,NULL,NULL,142,143,72),(2015,0,NULL,NULL,142,144,72),(2016,0,NULL,NULL,143,144,72),(2017,0,NULL,NULL,145,146,73),(2018,0,NULL,NULL,145,147,73),(2019,0,NULL,NULL,145,148,73),(2020,0,NULL,NULL,145,149,73),(2021,0,NULL,NULL,145,150,73),(2022,0,NULL,NULL,145,151,73),(2023,0,NULL,NULL,145,152,73),(2024,0,NULL,NULL,146,147,73),(2025,0,NULL,NULL,146,148,73),(2026,0,NULL,NULL,146,149,73),(2027,0,NULL,NULL,146,150,73),(2028,0,NULL,NULL,146,151,73),(2029,0,NULL,NULL,146,152,73),(2030,0,NULL,NULL,147,148,73),(2031,0,NULL,NULL,147,149,73),(2032,0,NULL,NULL,147,150,73),(2033,0,NULL,NULL,147,151,73),(2034,0,NULL,NULL,147,152,73),(2035,0,NULL,NULL,148,149,73),(2036,0,NULL,NULL,148,150,73),(2037,0,NULL,NULL,148,151,73),(2038,0,NULL,NULL,148,152,73),(2039,0,NULL,NULL,149,150,73),(2040,0,NULL,NULL,149,151,73),(2041,0,NULL,NULL,149,152,73),(2042,0,NULL,NULL,150,151,73),(2043,0,NULL,NULL,150,152,73),(2044,0,NULL,NULL,151,152,73),(2045,0,NULL,NULL,145,146,74),(2046,0,NULL,NULL,145,147,74),(2047,0,NULL,NULL,145,148,74),(2048,0,NULL,NULL,145,149,74),(2049,0,NULL,NULL,145,150,74),(2050,0,NULL,NULL,145,151,74),(2051,0,NULL,NULL,145,152,74),(2052,0,NULL,NULL,146,147,74),(2053,0,NULL,NULL,146,148,74),(2054,0,NULL,NULL,146,149,74),(2055,0,NULL,NULL,146,150,74),(2056,0,NULL,NULL,146,151,74),(2057,0,NULL,NULL,146,152,74),(2058,0,NULL,NULL,147,148,74),(2059,0,NULL,NULL,147,149,74),(2060,0,NULL,NULL,147,150,74),(2061,0,NULL,NULL,147,151,74),(2062,0,NULL,NULL,147,152,74),(2063,0,NULL,NULL,148,149,74),(2064,0,NULL,NULL,148,150,74),(2065,0,NULL,NULL,148,151,74),(2066,0,NULL,NULL,148,152,74),(2067,0,NULL,NULL,149,150,74),(2068,0,NULL,NULL,149,151,74),(2069,0,NULL,NULL,149,152,74),(2070,0,NULL,NULL,150,151,74),(2071,0,NULL,NULL,150,152,74),(2072,0,NULL,NULL,151,152,74),(2073,0,NULL,NULL,145,146,75),(2074,0,NULL,NULL,145,147,75),(2075,0,NULL,NULL,145,148,75),(2076,0,NULL,NULL,145,149,75),(2077,0,NULL,NULL,145,150,75),(2078,0,NULL,NULL,145,151,75),(2079,0,NULL,NULL,145,152,75),(2080,0,NULL,NULL,146,147,75),(2081,0,NULL,NULL,146,148,75),(2082,0,NULL,NULL,146,149,75),(2083,0,NULL,NULL,146,150,75),(2084,0,NULL,NULL,146,151,75),(2085,0,NULL,NULL,146,152,75),(2086,0,NULL,NULL,147,148,75),(2087,0,NULL,NULL,147,149,75),(2088,0,NULL,NULL,147,150,75),(2089,0,NULL,NULL,147,151,75),(2090,0,NULL,NULL,147,152,75),(2091,0,NULL,NULL,148,149,75),(2092,0,NULL,NULL,148,150,75),(2093,0,NULL,NULL,148,151,75),(2094,0,NULL,NULL,148,152,75),(2095,0,NULL,NULL,149,150,75),(2096,0,NULL,NULL,149,151,75),(2097,0,NULL,NULL,149,152,75),(2098,0,NULL,NULL,150,151,75),(2099,0,NULL,NULL,150,152,75),(2100,0,NULL,NULL,151,152,75),(2101,0,NULL,NULL,145,146,76),(2102,0,NULL,NULL,145,147,76),(2103,0,NULL,NULL,145,148,76),(2104,0,NULL,NULL,145,149,76),(2105,0,NULL,NULL,145,150,76),(2106,0,NULL,NULL,145,151,76),(2107,0,NULL,NULL,145,152,76),(2108,0,NULL,NULL,146,147,76),(2109,0,NULL,NULL,146,148,76),(2110,0,NULL,NULL,146,149,76),(2111,0,NULL,NULL,146,150,76),(2112,0,NULL,NULL,146,151,76),(2113,0,NULL,NULL,146,152,76),(2114,0,NULL,NULL,147,148,76),(2115,0,NULL,NULL,147,149,76),(2116,0,NULL,NULL,147,150,76),(2117,0,NULL,NULL,147,151,76),(2118,0,NULL,NULL,147,152,76),(2119,0,NULL,NULL,148,149,76),(2120,0,NULL,NULL,148,150,76),(2121,0,NULL,NULL,148,151,76),(2122,0,NULL,NULL,148,152,76),(2123,0,NULL,NULL,149,150,76),(2124,0,NULL,NULL,149,151,76),(2125,0,NULL,NULL,149,152,76),(2126,0,NULL,NULL,150,151,76),(2127,0,NULL,NULL,150,152,76),(2128,0,NULL,NULL,151,152,76),(2129,0,NULL,NULL,153,154,77),(2130,0,NULL,NULL,153,155,77),(2131,0,NULL,NULL,153,156,77),(2132,0,NULL,NULL,153,157,77),(2133,0,NULL,NULL,153,158,77),(2134,0,NULL,NULL,153,159,77),(2135,0,NULL,NULL,153,160,77),(2136,0,NULL,NULL,154,155,77),(2137,0,NULL,NULL,154,156,77),(2138,0,NULL,NULL,154,157,77),(2139,0,NULL,NULL,154,158,77),(2140,0,NULL,NULL,154,159,77),(2141,0,NULL,NULL,154,160,77),(2142,0,NULL,NULL,155,156,77),(2143,0,NULL,NULL,155,157,77),(2144,0,NULL,NULL,155,158,77),(2145,0,NULL,NULL,155,159,77),(2146,0,NULL,NULL,155,160,77),(2147,0,NULL,NULL,156,157,77),(2148,0,NULL,NULL,156,158,77),(2149,0,NULL,NULL,156,159,77),(2150,0,NULL,NULL,156,160,77),(2151,0,NULL,NULL,157,158,77),(2152,0,NULL,NULL,157,159,77),(2153,0,NULL,NULL,157,160,77),(2154,0,NULL,NULL,158,159,77),(2155,0,NULL,NULL,158,160,77),(2156,0,NULL,NULL,159,160,77),(2157,0,NULL,NULL,153,154,78),(2158,0,NULL,NULL,153,155,78),(2159,0,NULL,NULL,153,156,78),(2160,0,NULL,NULL,153,157,78),(2161,0,NULL,NULL,153,158,78),(2162,0,NULL,NULL,153,159,78),(2163,0,NULL,NULL,153,160,78),(2164,0,NULL,NULL,154,155,78),(2165,0,NULL,NULL,154,156,78),(2166,0,NULL,NULL,154,157,78),(2167,0,NULL,NULL,154,158,78),(2168,0,NULL,NULL,154,159,78),(2169,0,NULL,NULL,154,160,78),(2170,0,NULL,NULL,155,156,78),(2171,0,NULL,NULL,155,157,78),(2172,0,NULL,NULL,155,158,78),(2173,0,NULL,NULL,155,159,78),(2174,0,NULL,NULL,155,160,78),(2175,0,NULL,NULL,156,157,78),(2176,0,NULL,NULL,156,158,78),(2177,0,NULL,NULL,156,159,78),(2178,0,NULL,NULL,156,160,78),(2179,0,NULL,NULL,157,158,78),(2180,0,NULL,NULL,157,159,78),(2181,0,NULL,NULL,157,160,78),(2182,0,NULL,NULL,158,159,78),(2183,0,NULL,NULL,158,160,78),(2184,0,NULL,NULL,159,160,78),(2185,0,NULL,NULL,153,154,79),(2186,0,NULL,NULL,153,155,79),(2187,0,NULL,NULL,153,156,79),(2188,0,NULL,NULL,153,157,79),(2189,0,NULL,NULL,153,158,79),(2190,0,NULL,NULL,153,159,79),(2191,0,NULL,NULL,153,160,79),(2192,0,NULL,NULL,154,155,79),(2193,0,NULL,NULL,154,156,79),(2194,0,NULL,NULL,154,157,79),(2195,0,NULL,NULL,154,158,79),(2196,0,NULL,NULL,154,159,79),(2197,0,NULL,NULL,154,160,79),(2198,0,NULL,NULL,155,156,79),(2199,0,NULL,NULL,155,157,79),(2200,0,NULL,NULL,155,158,79),(2201,0,NULL,NULL,155,159,79),(2202,0,NULL,NULL,155,160,79),(2203,0,NULL,NULL,156,157,79),(2204,0,NULL,NULL,156,158,79),(2205,0,NULL,NULL,156,159,79),(2206,0,NULL,NULL,156,160,79),(2207,0,NULL,NULL,157,158,79),(2208,0,NULL,NULL,157,159,79),(2209,0,NULL,NULL,157,160,79),(2210,0,NULL,NULL,158,159,79),(2211,0,NULL,NULL,158,160,79),(2212,0,NULL,NULL,159,160,79),(2213,0,NULL,NULL,153,154,80),(2214,0,NULL,NULL,153,155,80),(2215,0,NULL,NULL,153,156,80),(2216,0,NULL,NULL,153,157,80),(2217,0,NULL,NULL,153,158,80),(2218,0,NULL,NULL,153,159,80),(2219,0,NULL,NULL,153,160,80),(2220,0,NULL,NULL,154,155,80),(2221,0,NULL,NULL,154,156,80),(2222,0,NULL,NULL,154,157,80),(2223,0,NULL,NULL,154,158,80),(2224,0,NULL,NULL,154,159,80),(2225,0,NULL,NULL,154,160,80),(2226,0,NULL,NULL,155,156,80),(2227,0,NULL,NULL,155,157,80),(2228,0,NULL,NULL,155,158,80),(2229,0,NULL,NULL,155,159,80),(2230,0,NULL,NULL,155,160,80),(2231,0,NULL,NULL,156,157,80),(2232,0,NULL,NULL,156,158,80),(2233,0,NULL,NULL,156,159,80),(2234,0,NULL,NULL,156,160,80),(2235,0,NULL,NULL,157,158,80),(2236,0,NULL,NULL,157,159,80),(2237,0,NULL,NULL,157,160,80),(2238,0,NULL,NULL,158,159,80),(2239,0,NULL,NULL,158,160,80),(2240,0,NULL,NULL,159,160,80),(2241,0,NULL,NULL,161,162,81),(2242,0,NULL,NULL,161,163,81),(2243,0,NULL,NULL,161,164,81),(2244,0,NULL,NULL,161,165,81),(2245,0,NULL,NULL,161,166,81),(2246,0,NULL,NULL,161,167,81),(2247,0,NULL,NULL,161,168,81),(2248,0,NULL,NULL,162,163,81),(2249,0,NULL,NULL,162,164,81),(2250,0,NULL,NULL,162,165,81),(2251,0,NULL,NULL,162,166,81),(2252,0,NULL,NULL,162,167,81),(2253,0,NULL,NULL,162,168,81),(2254,0,NULL,NULL,163,164,81),(2255,0,NULL,NULL,163,165,81),(2256,0,NULL,NULL,163,166,81),(2257,0,NULL,NULL,163,167,81),(2258,0,NULL,NULL,163,168,81),(2259,0,NULL,NULL,164,165,81),(2260,0,NULL,NULL,164,166,81),(2261,0,NULL,NULL,164,167,81),(2262,0,NULL,NULL,164,168,81),(2263,0,NULL,NULL,165,166,81),(2264,0,NULL,NULL,165,167,81),(2265,0,NULL,NULL,165,168,81),(2266,0,NULL,NULL,166,167,81),(2267,0,NULL,NULL,166,168,81),(2268,0,NULL,NULL,167,168,81),(2269,0,NULL,NULL,161,162,82),(2270,0,NULL,NULL,161,163,82),(2271,0,NULL,NULL,161,164,82),(2272,0,NULL,NULL,161,165,82),(2273,0,NULL,NULL,161,166,82),(2274,0,NULL,NULL,161,167,82),(2275,0,NULL,NULL,161,168,82),(2276,0,NULL,NULL,162,163,82),(2277,0,NULL,NULL,162,164,82),(2278,0,NULL,NULL,162,165,82),(2279,0,NULL,NULL,162,166,82),(2280,0,NULL,NULL,162,167,82),(2281,0,NULL,NULL,162,168,82),(2282,0,NULL,NULL,163,164,82),(2283,0,NULL,NULL,163,165,82),(2284,0,NULL,NULL,163,166,82),(2285,0,NULL,NULL,163,167,82),(2286,0,NULL,NULL,163,168,82),(2287,0,NULL,NULL,164,165,82),(2288,0,NULL,NULL,164,166,82),(2289,0,NULL,NULL,164,167,82),(2290,0,NULL,NULL,164,168,82),(2291,0,NULL,NULL,165,166,82),(2292,0,NULL,NULL,165,167,82),(2293,0,NULL,NULL,165,168,82),(2294,0,NULL,NULL,166,167,82),(2295,0,NULL,NULL,166,168,82),(2296,0,NULL,NULL,167,168,82),(2297,0,NULL,NULL,161,162,83),(2298,0,NULL,NULL,161,163,83),(2299,0,NULL,NULL,161,164,83),(2300,0,NULL,NULL,161,165,83),(2301,0,NULL,NULL,161,166,83),(2302,0,NULL,NULL,161,167,83),(2303,0,NULL,NULL,161,168,83),(2304,0,NULL,NULL,162,163,83),(2305,0,NULL,NULL,162,164,83),(2306,0,NULL,NULL,162,165,83),(2307,0,NULL,NULL,162,166,83),(2308,0,NULL,NULL,162,167,83),(2309,0,NULL,NULL,162,168,83),(2310,0,NULL,NULL,163,164,83),(2311,0,NULL,NULL,163,165,83),(2312,0,NULL,NULL,163,166,83),(2313,0,NULL,NULL,163,167,83),(2314,0,NULL,NULL,163,168,83),(2315,0,NULL,NULL,164,165,83),(2316,0,NULL,NULL,164,166,83),(2317,0,NULL,NULL,164,167,83),(2318,0,NULL,NULL,164,168,83),(2319,0,NULL,NULL,165,166,83),(2320,0,NULL,NULL,165,167,83),(2321,0,NULL,NULL,165,168,83),(2322,0,NULL,NULL,166,167,83),(2323,0,NULL,NULL,166,168,83),(2324,0,NULL,NULL,167,168,83),(2325,0,NULL,NULL,161,162,84),(2326,0,NULL,NULL,161,163,84),(2327,0,NULL,NULL,161,164,84),(2328,0,NULL,NULL,161,165,84),(2329,0,NULL,NULL,161,166,84),(2330,0,NULL,NULL,161,167,84),(2331,0,NULL,NULL,161,168,84),(2332,0,NULL,NULL,162,163,84),(2333,0,NULL,NULL,162,164,84),(2334,0,NULL,NULL,162,165,84),(2335,0,NULL,NULL,162,166,84),(2336,0,NULL,NULL,162,167,84),(2337,0,NULL,NULL,162,168,84),(2338,0,NULL,NULL,163,164,84),(2339,0,NULL,NULL,163,165,84),(2340,0,NULL,NULL,163,166,84),(2341,0,NULL,NULL,163,167,84),(2342,0,NULL,NULL,163,168,84),(2343,0,NULL,NULL,164,165,84),(2344,0,NULL,NULL,164,166,84),(2345,0,NULL,NULL,164,167,84),(2346,0,NULL,NULL,164,168,84),(2347,0,NULL,NULL,165,166,84),(2348,0,NULL,NULL,165,167,84),(2349,0,NULL,NULL,165,168,84),(2350,0,NULL,NULL,166,167,84),(2351,0,NULL,NULL,166,168,84),(2352,0,NULL,NULL,167,168,84),(2353,0,NULL,NULL,169,170,85),(2354,0,NULL,NULL,169,171,85),(2355,0,NULL,NULL,169,172,85),(2356,0,NULL,NULL,169,173,85),(2357,0,NULL,NULL,169,174,85),(2358,0,NULL,NULL,169,175,85),(2359,0,NULL,NULL,169,176,85),(2360,0,NULL,NULL,170,171,85),(2361,0,NULL,NULL,170,172,85),(2362,0,NULL,NULL,170,173,85),(2363,0,NULL,NULL,170,174,85),(2364,0,NULL,NULL,170,175,85),(2365,0,NULL,NULL,170,176,85),(2366,0,NULL,NULL,171,172,85),(2367,0,NULL,NULL,171,173,85),(2368,0,NULL,NULL,171,174,85),(2369,0,NULL,NULL,171,175,85),(2370,0,NULL,NULL,171,176,85),(2371,0,NULL,NULL,172,173,85),(2372,0,NULL,NULL,172,174,85),(2373,0,NULL,NULL,172,175,85),(2374,0,NULL,NULL,172,176,85),(2375,0,NULL,NULL,173,174,85),(2376,0,NULL,NULL,173,175,85),(2377,0,NULL,NULL,173,176,85),(2378,0,NULL,NULL,174,175,85),(2379,0,NULL,NULL,174,176,85),(2380,0,NULL,NULL,175,176,85),(2381,0,NULL,NULL,169,170,86),(2382,0,NULL,NULL,169,171,86),(2383,0,NULL,NULL,169,172,86),(2384,0,NULL,NULL,169,173,86),(2385,0,NULL,NULL,169,174,86),(2386,0,NULL,NULL,169,175,86),(2387,0,NULL,NULL,169,176,86),(2388,0,NULL,NULL,170,171,86),(2389,0,NULL,NULL,170,172,86),(2390,0,NULL,NULL,170,173,86),(2391,0,NULL,NULL,170,174,86),(2392,0,NULL,NULL,170,175,86),(2393,0,NULL,NULL,170,176,86),(2394,0,NULL,NULL,171,172,86),(2395,0,NULL,NULL,171,173,86),(2396,0,NULL,NULL,171,174,86),(2397,0,NULL,NULL,171,175,86),(2398,0,NULL,NULL,171,176,86),(2399,0,NULL,NULL,172,173,86),(2400,0,NULL,NULL,172,174,86),(2401,0,NULL,NULL,172,175,86),(2402,0,NULL,NULL,172,176,86),(2403,0,NULL,NULL,173,174,86),(2404,0,NULL,NULL,173,175,86),(2405,0,NULL,NULL,173,176,86),(2406,0,NULL,NULL,174,175,86),(2407,0,NULL,NULL,174,176,86),(2408,0,NULL,NULL,175,176,86),(2409,0,NULL,NULL,169,170,87),(2410,0,NULL,NULL,169,171,87),(2411,0,NULL,NULL,169,172,87),(2412,0,NULL,NULL,169,173,87),(2413,0,NULL,NULL,169,174,87),(2414,0,NULL,NULL,169,175,87),(2415,0,NULL,NULL,169,176,87),(2416,0,NULL,NULL,170,171,87),(2417,0,NULL,NULL,170,172,87),(2418,0,NULL,NULL,170,173,87),(2419,0,NULL,NULL,170,174,87),(2420,0,NULL,NULL,170,175,87),(2421,0,NULL,NULL,170,176,87),(2422,0,NULL,NULL,171,172,87),(2423,0,NULL,NULL,171,173,87),(2424,0,NULL,NULL,171,174,87),(2425,0,NULL,NULL,171,175,87),(2426,0,NULL,NULL,171,176,87),(2427,0,NULL,NULL,172,173,87),(2428,0,NULL,NULL,172,174,87),(2429,0,NULL,NULL,172,175,87),(2430,0,NULL,NULL,172,176,87),(2431,0,NULL,NULL,173,174,87),(2432,0,NULL,NULL,173,175,87),(2433,0,NULL,NULL,173,176,87),(2434,0,NULL,NULL,174,175,87),(2435,0,NULL,NULL,174,176,87),(2436,0,NULL,NULL,175,176,87),(2437,0,NULL,NULL,169,170,88),(2438,0,NULL,NULL,169,171,88),(2439,0,NULL,NULL,169,172,88),(2440,0,NULL,NULL,169,173,88),(2441,0,NULL,NULL,169,174,88),(2442,0,NULL,NULL,169,175,88),(2443,0,NULL,NULL,169,176,88),(2444,0,NULL,NULL,170,171,88),(2445,0,NULL,NULL,170,172,88),(2446,0,NULL,NULL,170,173,88),(2447,0,NULL,NULL,170,174,88),(2448,0,NULL,NULL,170,175,88),(2449,0,NULL,NULL,170,176,88),(2450,0,NULL,NULL,171,172,88),(2451,0,NULL,NULL,171,173,88),(2452,0,NULL,NULL,171,174,88),(2453,0,NULL,NULL,171,175,88),(2454,0,NULL,NULL,171,176,88),(2455,0,NULL,NULL,172,173,88),(2456,0,NULL,NULL,172,174,88),(2457,0,NULL,NULL,172,175,88),(2458,0,NULL,NULL,172,176,88),(2459,0,NULL,NULL,173,174,88),(2460,0,NULL,NULL,173,175,88),(2461,0,NULL,NULL,173,176,88),(2462,0,NULL,NULL,174,175,88),(2463,0,NULL,NULL,174,176,88),(2464,0,NULL,NULL,175,176,88),(2465,0,NULL,NULL,177,178,89),(2466,0,NULL,NULL,177,179,89),(2467,0,NULL,NULL,177,180,89),(2468,0,NULL,NULL,177,181,89),(2469,0,NULL,NULL,177,182,89),(2470,0,NULL,NULL,177,183,89),(2471,0,NULL,NULL,177,184,89),(2472,0,NULL,NULL,178,179,89),(2473,0,NULL,NULL,178,180,89),(2474,0,NULL,NULL,178,181,89),(2475,0,NULL,NULL,178,182,89),(2476,0,NULL,NULL,178,183,89),(2477,0,NULL,NULL,178,184,89),(2478,0,NULL,NULL,179,180,89),(2479,0,NULL,NULL,179,181,89),(2480,0,NULL,NULL,179,182,89),(2481,0,NULL,NULL,179,183,89),(2482,0,NULL,NULL,179,184,89),(2483,0,NULL,NULL,180,181,89),(2484,0,NULL,NULL,180,182,89),(2485,0,NULL,NULL,180,183,89),(2486,0,NULL,NULL,180,184,89),(2487,0,NULL,NULL,181,182,89),(2488,0,NULL,NULL,181,183,89),(2489,0,NULL,NULL,181,184,89),(2490,0,NULL,NULL,182,183,89),(2491,0,NULL,NULL,182,184,89),(2492,0,NULL,NULL,183,184,89),(2493,0,NULL,NULL,177,178,90),(2494,0,NULL,NULL,177,179,90),(2495,0,NULL,NULL,177,180,90),(2496,0,NULL,NULL,177,181,90),(2497,0,NULL,NULL,177,182,90),(2498,0,NULL,NULL,177,183,90),(2499,0,NULL,NULL,177,184,90),(2500,0,NULL,NULL,178,179,90),(2501,0,NULL,NULL,178,180,90),(2502,0,NULL,NULL,178,181,90),(2503,0,NULL,NULL,178,182,90),(2504,0,NULL,NULL,178,183,90),(2505,0,NULL,NULL,178,184,90),(2506,0,NULL,NULL,179,180,90),(2507,0,NULL,NULL,179,181,90),(2508,0,NULL,NULL,179,182,90),(2509,0,NULL,NULL,179,183,90),(2510,0,NULL,NULL,179,184,90),(2511,0,NULL,NULL,180,181,90),(2512,0,NULL,NULL,180,182,90),(2513,0,NULL,NULL,180,183,90),(2514,0,NULL,NULL,180,184,90),(2515,0,NULL,NULL,181,182,90),(2516,0,NULL,NULL,181,183,90),(2517,0,NULL,NULL,181,184,90),(2518,0,NULL,NULL,182,183,90),(2519,0,NULL,NULL,182,184,90),(2520,0,NULL,NULL,183,184,90),(2521,0,NULL,NULL,177,178,91),(2522,0,NULL,NULL,177,179,91),(2523,0,NULL,NULL,177,180,91),(2524,0,NULL,NULL,177,181,91),(2525,0,NULL,NULL,177,182,91),(2526,0,NULL,NULL,177,183,91),(2527,0,NULL,NULL,177,184,91),(2528,0,NULL,NULL,178,179,91),(2529,0,NULL,NULL,178,180,91),(2530,0,NULL,NULL,178,181,91),(2531,0,NULL,NULL,178,182,91),(2532,0,NULL,NULL,178,183,91),(2533,0,NULL,NULL,178,184,91),(2534,0,NULL,NULL,179,180,91),(2535,0,NULL,NULL,179,181,91),(2536,0,NULL,NULL,179,182,91),(2537,0,NULL,NULL,179,183,91),(2538,0,NULL,NULL,179,184,91),(2539,0,NULL,NULL,180,181,91),(2540,0,NULL,NULL,180,182,91),(2541,0,NULL,NULL,180,183,91),(2542,0,NULL,NULL,180,184,91),(2543,0,NULL,NULL,181,182,91),(2544,0,NULL,NULL,181,183,91),(2545,0,NULL,NULL,181,184,91),(2546,0,NULL,NULL,182,183,91),(2547,0,NULL,NULL,182,184,91),(2548,0,NULL,NULL,183,184,91),(2549,0,NULL,NULL,177,178,92),(2550,0,NULL,NULL,177,179,92),(2551,0,NULL,NULL,177,180,92),(2552,0,NULL,NULL,177,181,92),(2553,0,NULL,NULL,177,182,92),(2554,0,NULL,NULL,177,183,92),(2555,0,NULL,NULL,177,184,92),(2556,0,NULL,NULL,178,179,92),(2557,0,NULL,NULL,178,180,92),(2558,0,NULL,NULL,178,181,92),(2559,0,NULL,NULL,178,182,92),(2560,0,NULL,NULL,178,183,92),(2561,0,NULL,NULL,178,184,92),(2562,0,NULL,NULL,179,180,92),(2563,0,NULL,NULL,179,181,92),(2564,0,NULL,NULL,179,182,92),(2565,0,NULL,NULL,179,183,92),(2566,0,NULL,NULL,179,184,92),(2567,0,NULL,NULL,180,181,92),(2568,0,NULL,NULL,180,182,92),(2569,0,NULL,NULL,180,183,92),(2570,0,NULL,NULL,180,184,92),(2571,0,NULL,NULL,181,182,92),(2572,0,NULL,NULL,181,183,92),(2573,0,NULL,NULL,181,184,92),(2574,0,NULL,NULL,182,183,92),(2575,0,NULL,NULL,182,184,92),(2576,0,NULL,NULL,183,184,92),(2577,0,NULL,NULL,185,186,93),(2578,0,NULL,NULL,185,187,93),(2579,0,NULL,NULL,185,188,93),(2580,0,NULL,NULL,185,189,93),(2581,0,NULL,NULL,185,190,93),(2582,0,NULL,NULL,185,191,93),(2583,0,NULL,NULL,185,192,93),(2584,0,NULL,NULL,186,187,93),(2585,0,NULL,NULL,186,188,93),(2586,0,NULL,NULL,186,189,93),(2587,0,NULL,NULL,186,190,93),(2588,0,NULL,NULL,186,191,93),(2589,0,NULL,NULL,186,192,93),(2590,0,NULL,NULL,187,188,93),(2591,0,NULL,NULL,187,189,93),(2592,0,NULL,NULL,187,190,93),(2593,0,NULL,NULL,187,191,93),(2594,0,NULL,NULL,187,192,93),(2595,0,NULL,NULL,188,189,93),(2596,0,NULL,NULL,188,190,93),(2597,0,NULL,NULL,188,191,93),(2598,0,NULL,NULL,188,192,93),(2599,0,NULL,NULL,189,190,93),(2600,0,NULL,NULL,189,191,93),(2601,0,NULL,NULL,189,192,93),(2602,0,NULL,NULL,190,191,93),(2603,0,NULL,NULL,190,192,93),(2604,0,NULL,NULL,191,192,93),(2605,0,NULL,NULL,185,186,94),(2606,0,NULL,NULL,185,187,94),(2607,0,NULL,NULL,185,188,94),(2608,0,NULL,NULL,185,189,94),(2609,0,NULL,NULL,185,190,94),(2610,0,NULL,NULL,185,191,94),(2611,0,NULL,NULL,185,192,94),(2612,0,NULL,NULL,186,187,94),(2613,0,NULL,NULL,186,188,94),(2614,0,NULL,NULL,186,189,94),(2615,0,NULL,NULL,186,190,94),(2616,0,NULL,NULL,186,191,94),(2617,0,NULL,NULL,186,192,94),(2618,0,NULL,NULL,187,188,94),(2619,0,NULL,NULL,187,189,94),(2620,0,NULL,NULL,187,190,94),(2621,0,NULL,NULL,187,191,94),(2622,0,NULL,NULL,187,192,94),(2623,0,NULL,NULL,188,189,94),(2624,0,NULL,NULL,188,190,94),(2625,0,NULL,NULL,188,191,94),(2626,0,NULL,NULL,188,192,94),(2627,0,NULL,NULL,189,190,94),(2628,0,NULL,NULL,189,191,94),(2629,0,NULL,NULL,189,192,94),(2630,0,NULL,NULL,190,191,94),(2631,0,NULL,NULL,190,192,94),(2632,0,NULL,NULL,191,192,94),(2633,0,NULL,NULL,185,186,95),(2634,0,NULL,NULL,185,187,95),(2635,0,NULL,NULL,185,188,95),(2636,0,NULL,NULL,185,189,95),(2637,0,NULL,NULL,185,190,95),(2638,0,NULL,NULL,185,191,95),(2639,0,NULL,NULL,185,192,95),(2640,0,NULL,NULL,186,187,95),(2641,0,NULL,NULL,186,188,95),(2642,0,NULL,NULL,186,189,95),(2643,0,NULL,NULL,186,190,95),(2644,0,NULL,NULL,186,191,95),(2645,0,NULL,NULL,186,192,95),(2646,0,NULL,NULL,187,188,95),(2647,0,NULL,NULL,187,189,95),(2648,0,NULL,NULL,187,190,95),(2649,0,NULL,NULL,187,191,95),(2650,0,NULL,NULL,187,192,95),(2651,0,NULL,NULL,188,189,95),(2652,0,NULL,NULL,188,190,95),(2653,0,NULL,NULL,188,191,95),(2654,0,NULL,NULL,188,192,95),(2655,0,NULL,NULL,189,190,95),(2656,0,NULL,NULL,189,191,95),(2657,0,NULL,NULL,189,192,95),(2658,0,NULL,NULL,190,191,95),(2659,0,NULL,NULL,190,192,95),(2660,0,NULL,NULL,191,192,95),(2661,0,NULL,NULL,185,186,96),(2662,0,NULL,NULL,185,187,96),(2663,0,NULL,NULL,185,188,96),(2664,0,NULL,NULL,185,189,96),(2665,0,NULL,NULL,185,190,96),(2666,0,NULL,NULL,185,191,96),(2667,0,NULL,NULL,185,192,96),(2668,0,NULL,NULL,186,187,96),(2669,0,NULL,NULL,186,188,96),(2670,0,NULL,NULL,186,189,96),(2671,0,NULL,NULL,186,190,96),(2672,0,NULL,NULL,186,191,96),(2673,0,NULL,NULL,186,192,96),(2674,0,NULL,NULL,187,188,96),(2675,0,NULL,NULL,187,189,96),(2676,0,NULL,NULL,187,190,96),(2677,0,NULL,NULL,187,191,96),(2678,0,NULL,NULL,187,192,96),(2679,0,NULL,NULL,188,189,96),(2680,0,NULL,NULL,188,190,96),(2681,0,NULL,NULL,188,191,96),(2682,0,NULL,NULL,188,192,96),(2683,0,NULL,NULL,189,190,96),(2684,0,NULL,NULL,189,191,96),(2685,0,NULL,NULL,189,192,96),(2686,0,NULL,NULL,190,191,96),(2687,0,NULL,NULL,190,192,96),(2688,0,NULL,NULL,191,192,96),(2689,0,NULL,NULL,193,194,97),(2690,0,NULL,NULL,193,195,97),(2691,0,NULL,NULL,193,196,97),(2692,0,NULL,NULL,193,197,97),(2693,0,NULL,NULL,193,198,97),(2694,0,NULL,NULL,193,199,97),(2695,0,NULL,NULL,193,200,97),(2696,0,NULL,NULL,194,195,97),(2697,0,NULL,NULL,194,196,97),(2698,0,NULL,NULL,194,197,97),(2699,0,NULL,NULL,194,198,97),(2700,0,NULL,NULL,194,199,97),(2701,0,NULL,NULL,194,200,97),(2702,0,NULL,NULL,195,196,97),(2703,0,NULL,NULL,195,197,97),(2704,0,NULL,NULL,195,198,97),(2705,0,NULL,NULL,195,199,97),(2706,0,NULL,NULL,195,200,97),(2707,0,NULL,NULL,196,197,97),(2708,0,NULL,NULL,196,198,97),(2709,0,NULL,NULL,196,199,97),(2710,0,NULL,NULL,196,200,97),(2711,0,NULL,NULL,197,198,97),(2712,0,NULL,NULL,197,199,97),(2713,0,NULL,NULL,197,200,97),(2714,0,NULL,NULL,198,199,97),(2715,0,NULL,NULL,198,200,97),(2716,0,NULL,NULL,199,200,97),(2717,0,NULL,NULL,193,194,98),(2718,0,NULL,NULL,193,195,98),(2719,0,NULL,NULL,193,196,98),(2720,0,NULL,NULL,193,197,98),(2721,0,NULL,NULL,193,198,98),(2722,0,NULL,NULL,193,199,98),(2723,0,NULL,NULL,193,200,98),(2724,0,NULL,NULL,194,195,98),(2725,0,NULL,NULL,194,196,98),(2726,0,NULL,NULL,194,197,98),(2727,0,NULL,NULL,194,198,98),(2728,0,NULL,NULL,194,199,98),(2729,0,NULL,NULL,194,200,98),(2730,0,NULL,NULL,195,196,98),(2731,0,NULL,NULL,195,197,98),(2732,0,NULL,NULL,195,198,98),(2733,0,NULL,NULL,195,199,98),(2734,0,NULL,NULL,195,200,98),(2735,0,NULL,NULL,196,197,98),(2736,0,NULL,NULL,196,198,98),(2737,0,NULL,NULL,196,199,98),(2738,0,NULL,NULL,196,200,98),(2739,0,NULL,NULL,197,198,98),(2740,0,NULL,NULL,197,199,98),(2741,0,NULL,NULL,197,200,98),(2742,0,NULL,NULL,198,199,98),(2743,0,NULL,NULL,198,200,98),(2744,0,NULL,NULL,199,200,98),(2745,0,NULL,NULL,193,194,99),(2746,0,NULL,NULL,193,195,99),(2747,0,NULL,NULL,193,196,99),(2748,0,NULL,NULL,193,197,99),(2749,0,NULL,NULL,193,198,99),(2750,0,NULL,NULL,193,199,99),(2751,0,NULL,NULL,193,200,99),(2752,0,NULL,NULL,194,195,99),(2753,0,NULL,NULL,194,196,99),(2754,0,NULL,NULL,194,197,99),(2755,0,NULL,NULL,194,198,99),(2756,0,NULL,NULL,194,199,99),(2757,0,NULL,NULL,194,200,99),(2758,0,NULL,NULL,195,196,99),(2759,0,NULL,NULL,195,197,99),(2760,0,NULL,NULL,195,198,99),(2761,0,NULL,NULL,195,199,99),(2762,0,NULL,NULL,195,200,99),(2763,0,NULL,NULL,196,197,99),(2764,0,NULL,NULL,196,198,99),(2765,0,NULL,NULL,196,199,99),(2766,0,NULL,NULL,196,200,99),(2767,0,NULL,NULL,197,198,99),(2768,0,NULL,NULL,197,199,99),(2769,0,NULL,NULL,197,200,99),(2770,0,NULL,NULL,198,199,99),(2771,0,NULL,NULL,198,200,99),(2772,0,NULL,NULL,199,200,99),(2773,0,NULL,NULL,193,194,100),(2774,0,NULL,NULL,193,195,100),(2775,0,NULL,NULL,193,196,100),(2776,0,NULL,NULL,193,197,100),(2777,0,NULL,NULL,193,198,100),(2778,0,NULL,NULL,193,199,100),(2779,0,NULL,NULL,193,200,100),(2780,0,NULL,NULL,194,195,100),(2781,0,NULL,NULL,194,196,100),(2782,0,NULL,NULL,194,197,100),(2783,0,NULL,NULL,194,198,100),(2784,0,NULL,NULL,194,199,100),(2785,0,NULL,NULL,194,200,100),(2786,0,NULL,NULL,195,196,100),(2787,0,NULL,NULL,195,197,100),(2788,0,NULL,NULL,195,198,100),(2789,0,NULL,NULL,195,199,100),(2790,0,NULL,NULL,195,200,100),(2791,0,NULL,NULL,196,197,100),(2792,0,NULL,NULL,196,198,100),(2793,0,NULL,NULL,196,199,100),(2794,0,NULL,NULL,196,200,100),(2795,0,NULL,NULL,197,198,100),(2796,0,NULL,NULL,197,199,100),(2797,0,NULL,NULL,197,200,100),(2798,0,NULL,NULL,198,199,100),(2799,0,NULL,NULL,198,200,100),(2800,0,NULL,NULL,199,200,100),(2801,0,NULL,NULL,201,202,101),(2802,0,NULL,NULL,201,203,101),(2803,0,NULL,NULL,201,204,101),(2804,0,NULL,NULL,201,205,101),(2805,0,NULL,NULL,201,206,101),(2806,0,NULL,NULL,201,207,101),(2807,0,NULL,NULL,201,208,101),(2808,0,NULL,NULL,202,203,101),(2809,0,NULL,NULL,202,204,101),(2810,0,NULL,NULL,202,205,101),(2811,0,NULL,NULL,202,206,101),(2812,0,NULL,NULL,202,207,101),(2813,0,NULL,NULL,202,208,101),(2814,0,NULL,NULL,203,204,101),(2815,0,NULL,NULL,203,205,101),(2816,0,NULL,NULL,203,206,101),(2817,0,NULL,NULL,203,207,101),(2818,0,NULL,NULL,203,208,101),(2819,0,NULL,NULL,204,205,101),(2820,0,NULL,NULL,204,206,101),(2821,0,NULL,NULL,204,207,101),(2822,0,NULL,NULL,204,208,101),(2823,0,NULL,NULL,205,206,101),(2824,0,NULL,NULL,205,207,101),(2825,0,NULL,NULL,205,208,101),(2826,0,NULL,NULL,206,207,101),(2827,0,NULL,NULL,206,208,101),(2828,0,NULL,NULL,207,208,101),(2829,0,NULL,NULL,201,202,102),(2830,0,NULL,NULL,201,203,102),(2831,0,NULL,NULL,201,204,102),(2832,0,NULL,NULL,201,205,102),(2833,0,NULL,NULL,201,206,102),(2834,0,NULL,NULL,201,207,102),(2835,0,NULL,NULL,201,208,102),(2836,0,NULL,NULL,202,203,102),(2837,0,NULL,NULL,202,204,102),(2838,0,NULL,NULL,202,205,102),(2839,0,NULL,NULL,202,206,102),(2840,0,NULL,NULL,202,207,102),(2841,0,NULL,NULL,202,208,102),(2842,0,NULL,NULL,203,204,102),(2843,0,NULL,NULL,203,205,102),(2844,0,NULL,NULL,203,206,102),(2845,0,NULL,NULL,203,207,102),(2846,0,NULL,NULL,203,208,102),(2847,0,NULL,NULL,204,205,102),(2848,0,NULL,NULL,204,206,102),(2849,0,NULL,NULL,204,207,102),(2850,0,NULL,NULL,204,208,102),(2851,0,NULL,NULL,205,206,102),(2852,0,NULL,NULL,205,207,102),(2853,0,NULL,NULL,205,208,102),(2854,0,NULL,NULL,206,207,102),(2855,0,NULL,NULL,206,208,102),(2856,0,NULL,NULL,207,208,102),(2857,0,NULL,NULL,201,202,103),(2858,0,NULL,NULL,201,203,103),(2859,0,NULL,NULL,201,204,103),(2860,0,NULL,NULL,201,205,103),(2861,0,NULL,NULL,201,206,103),(2862,0,NULL,NULL,201,207,103),(2863,0,NULL,NULL,201,208,103),(2864,0,NULL,NULL,202,203,103),(2865,0,NULL,NULL,202,204,103),(2866,0,NULL,NULL,202,205,103),(2867,0,NULL,NULL,202,206,103),(2868,0,NULL,NULL,202,207,103),(2869,0,NULL,NULL,202,208,103),(2870,0,NULL,NULL,203,204,103),(2871,0,NULL,NULL,203,205,103),(2872,0,NULL,NULL,203,206,103),(2873,0,NULL,NULL,203,207,103),(2874,0,NULL,NULL,203,208,103),(2875,0,NULL,NULL,204,205,103),(2876,0,NULL,NULL,204,206,103),(2877,0,NULL,NULL,204,207,103),(2878,0,NULL,NULL,204,208,103),(2879,0,NULL,NULL,205,206,103),(2880,0,NULL,NULL,205,207,103),(2881,0,NULL,NULL,205,208,103),(2882,0,NULL,NULL,206,207,103),(2883,0,NULL,NULL,206,208,103),(2884,0,NULL,NULL,207,208,103),(2885,0,NULL,NULL,201,202,104),(2886,0,NULL,NULL,201,203,104),(2887,0,NULL,NULL,201,204,104),(2888,0,NULL,NULL,201,205,104),(2889,0,NULL,NULL,201,206,104),(2890,0,NULL,NULL,201,207,104),(2891,0,NULL,NULL,201,208,104),(2892,0,NULL,NULL,202,203,104),(2893,0,NULL,NULL,202,204,104),(2894,0,NULL,NULL,202,205,104),(2895,0,NULL,NULL,202,206,104),(2896,0,NULL,NULL,202,207,104),(2897,0,NULL,NULL,202,208,104),(2898,0,NULL,NULL,203,204,104),(2899,0,NULL,NULL,203,205,104),(2900,0,NULL,NULL,203,206,104),(2901,0,NULL,NULL,203,207,104),(2902,0,NULL,NULL,203,208,104),(2903,0,NULL,NULL,204,205,104),(2904,0,NULL,NULL,204,206,104),(2905,0,NULL,NULL,204,207,104),(2906,0,NULL,NULL,204,208,104),(2907,0,NULL,NULL,205,206,104),(2908,0,NULL,NULL,205,207,104),(2909,0,NULL,NULL,205,208,104),(2910,0,NULL,NULL,206,207,104),(2911,0,NULL,NULL,206,208,104),(2912,0,NULL,NULL,207,208,104),(2913,0,NULL,NULL,209,210,105),(2914,0,NULL,NULL,209,211,105),(2915,0,NULL,NULL,209,212,105),(2916,0,NULL,NULL,209,213,105),(2917,0,NULL,NULL,209,214,105),(2918,0,NULL,NULL,209,215,105),(2919,0,NULL,NULL,209,216,105),(2920,0,NULL,NULL,210,211,105),(2921,0,NULL,NULL,210,212,105),(2922,0,NULL,NULL,210,213,105),(2923,0,NULL,NULL,210,214,105),(2924,0,NULL,NULL,210,215,105),(2925,0,NULL,NULL,210,216,105),(2926,0,NULL,NULL,211,212,105),(2927,0,NULL,NULL,211,213,105),(2928,0,NULL,NULL,211,214,105),(2929,0,NULL,NULL,211,215,105),(2930,0,NULL,NULL,211,216,105),(2931,0,NULL,NULL,212,213,105),(2932,0,NULL,NULL,212,214,105),(2933,0,NULL,NULL,212,215,105),(2934,0,NULL,NULL,212,216,105),(2935,0,NULL,NULL,213,214,105),(2936,0,NULL,NULL,213,215,105),(2937,0,NULL,NULL,213,216,105),(2938,0,NULL,NULL,214,215,105),(2939,0,NULL,NULL,214,216,105),(2940,0,NULL,NULL,215,216,105),(2941,0,NULL,NULL,209,210,106),(2942,0,NULL,NULL,209,211,106),(2943,0,NULL,NULL,209,212,106),(2944,0,NULL,NULL,209,213,106),(2945,0,NULL,NULL,209,214,106),(2946,0,NULL,NULL,209,215,106),(2947,0,NULL,NULL,209,216,106),(2948,0,NULL,NULL,210,211,106),(2949,0,NULL,NULL,210,212,106),(2950,0,NULL,NULL,210,213,106),(2951,0,NULL,NULL,210,214,106),(2952,0,NULL,NULL,210,215,106),(2953,0,NULL,NULL,210,216,106),(2954,0,NULL,NULL,211,212,106),(2955,0,NULL,NULL,211,213,106),(2956,0,NULL,NULL,211,214,106),(2957,0,NULL,NULL,211,215,106),(2958,0,NULL,NULL,211,216,106),(2959,0,NULL,NULL,212,213,106),(2960,0,NULL,NULL,212,214,106),(2961,0,NULL,NULL,212,215,106),(2962,0,NULL,NULL,212,216,106),(2963,0,NULL,NULL,213,214,106),(2964,0,NULL,NULL,213,215,106),(2965,0,NULL,NULL,213,216,106),(2966,0,NULL,NULL,214,215,106),(2967,0,NULL,NULL,214,216,106),(2968,0,NULL,NULL,215,216,106),(2969,0,NULL,NULL,209,210,107),(2970,0,NULL,NULL,209,211,107),(2971,0,NULL,NULL,209,212,107),(2972,0,NULL,NULL,209,213,107),(2973,0,NULL,NULL,209,214,107),(2974,0,NULL,NULL,209,215,107),(2975,0,NULL,NULL,209,216,107),(2976,0,NULL,NULL,210,211,107),(2977,0,NULL,NULL,210,212,107),(2978,0,NULL,NULL,210,213,107),(2979,0,NULL,NULL,210,214,107),(2980,0,NULL,NULL,210,215,107),(2981,0,NULL,NULL,210,216,107),(2982,0,NULL,NULL,211,212,107),(2983,0,NULL,NULL,211,213,107),(2984,0,NULL,NULL,211,214,107),(2985,0,NULL,NULL,211,215,107),(2986,0,NULL,NULL,211,216,107),(2987,0,NULL,NULL,212,213,107),(2988,0,NULL,NULL,212,214,107),(2989,0,NULL,NULL,212,215,107),(2990,0,NULL,NULL,212,216,107),(2991,0,NULL,NULL,213,214,107),(2992,0,NULL,NULL,213,215,107),(2993,0,NULL,NULL,213,216,107),(2994,0,NULL,NULL,214,215,107),(2995,0,NULL,NULL,214,216,107),(2996,0,NULL,NULL,215,216,107),(2997,0,NULL,NULL,209,210,108),(2998,0,NULL,NULL,209,211,108),(2999,0,NULL,NULL,209,212,108),(3000,0,NULL,NULL,209,213,108),(3001,0,NULL,NULL,209,214,108),(3002,0,NULL,NULL,209,215,108),(3003,0,NULL,NULL,209,216,108),(3004,0,NULL,NULL,210,211,108),(3005,0,NULL,NULL,210,212,108),(3006,0,NULL,NULL,210,213,108),(3007,0,NULL,NULL,210,214,108),(3008,0,NULL,NULL,210,215,108),(3009,0,NULL,NULL,210,216,108),(3010,0,NULL,NULL,211,212,108),(3011,0,NULL,NULL,211,213,108),(3012,0,NULL,NULL,211,214,108),(3013,0,NULL,NULL,211,215,108),(3014,0,NULL,NULL,211,216,108),(3015,0,NULL,NULL,212,213,108),(3016,0,NULL,NULL,212,214,108),(3017,0,NULL,NULL,212,215,108),(3018,0,NULL,NULL,212,216,108),(3019,0,NULL,NULL,213,214,108),(3020,0,NULL,NULL,213,215,108),(3021,0,NULL,NULL,213,216,108),(3022,0,NULL,NULL,214,215,108),(3023,0,NULL,NULL,214,216,108),(3024,0,NULL,NULL,215,216,108),(3025,0,NULL,NULL,217,218,109),(3026,0,NULL,NULL,217,219,109),(3027,0,NULL,NULL,217,220,109),(3028,0,NULL,NULL,217,221,109),(3029,0,NULL,NULL,217,222,109),(3030,0,NULL,NULL,217,223,109),(3031,0,NULL,NULL,217,224,109),(3032,0,NULL,NULL,218,219,109),(3033,0,NULL,NULL,218,220,109),(3034,0,NULL,NULL,218,221,109),(3035,0,NULL,NULL,218,222,109),(3036,0,NULL,NULL,218,223,109),(3037,0,NULL,NULL,218,224,109),(3038,0,NULL,NULL,219,220,109),(3039,0,NULL,NULL,219,221,109),(3040,0,NULL,NULL,219,222,109),(3041,0,NULL,NULL,219,223,109),(3042,0,NULL,NULL,219,224,109),(3043,0,NULL,NULL,220,221,109),(3044,0,NULL,NULL,220,222,109),(3045,0,NULL,NULL,220,223,109),(3046,0,NULL,NULL,220,224,109),(3047,0,NULL,NULL,221,222,109),(3048,0,NULL,NULL,221,223,109),(3049,0,NULL,NULL,221,224,109),(3050,0,NULL,NULL,222,223,109),(3051,0,NULL,NULL,222,224,109),(3052,0,NULL,NULL,223,224,109),(3053,0,NULL,NULL,217,218,110),(3054,0,NULL,NULL,217,219,110),(3055,0,NULL,NULL,217,220,110),(3056,0,NULL,NULL,217,221,110),(3057,0,NULL,NULL,217,222,110),(3058,0,NULL,NULL,217,223,110),(3059,0,NULL,NULL,217,224,110),(3060,0,NULL,NULL,218,219,110),(3061,0,NULL,NULL,218,220,110),(3062,0,NULL,NULL,218,221,110),(3063,0,NULL,NULL,218,222,110),(3064,0,NULL,NULL,218,223,110),(3065,0,NULL,NULL,218,224,110),(3066,0,NULL,NULL,219,220,110),(3067,0,NULL,NULL,219,221,110),(3068,0,NULL,NULL,219,222,110),(3069,0,NULL,NULL,219,223,110),(3070,0,NULL,NULL,219,224,110),(3071,0,NULL,NULL,220,221,110),(3072,0,NULL,NULL,220,222,110),(3073,0,NULL,NULL,220,223,110),(3074,0,NULL,NULL,220,224,110),(3075,0,NULL,NULL,221,222,110),(3076,0,NULL,NULL,221,223,110),(3077,0,NULL,NULL,221,224,110),(3078,0,NULL,NULL,222,223,110),(3079,0,NULL,NULL,222,224,110),(3080,0,NULL,NULL,223,224,110),(3081,0,NULL,NULL,217,218,111),(3082,0,NULL,NULL,217,219,111),(3083,0,NULL,NULL,217,220,111),(3084,0,NULL,NULL,217,221,111),(3085,0,NULL,NULL,217,222,111),(3086,0,NULL,NULL,217,223,111),(3087,0,NULL,NULL,217,224,111),(3088,0,NULL,NULL,218,219,111),(3089,0,NULL,NULL,218,220,111),(3090,0,NULL,NULL,218,221,111),(3091,0,NULL,NULL,218,222,111),(3092,0,NULL,NULL,218,223,111),(3093,0,NULL,NULL,218,224,111),(3094,0,NULL,NULL,219,220,111),(3095,0,NULL,NULL,219,221,111),(3096,0,NULL,NULL,219,222,111),(3097,0,NULL,NULL,219,223,111),(3098,0,NULL,NULL,219,224,111),(3099,0,NULL,NULL,220,221,111),(3100,0,NULL,NULL,220,222,111),(3101,0,NULL,NULL,220,223,111),(3102,0,NULL,NULL,220,224,111),(3103,0,NULL,NULL,221,222,111),(3104,0,NULL,NULL,221,223,111),(3105,0,NULL,NULL,221,224,111),(3106,0,NULL,NULL,222,223,111),(3107,0,NULL,NULL,222,224,111),(3108,0,NULL,NULL,223,224,111),(3109,0,NULL,NULL,217,218,112),(3110,0,NULL,NULL,217,219,112),(3111,0,NULL,NULL,217,220,112),(3112,0,NULL,NULL,217,221,112),(3113,0,NULL,NULL,217,222,112),(3114,0,NULL,NULL,217,223,112),(3115,0,NULL,NULL,217,224,112),(3116,0,NULL,NULL,218,219,112),(3117,0,NULL,NULL,218,220,112),(3118,0,NULL,NULL,218,221,112),(3119,0,NULL,NULL,218,222,112),(3120,0,NULL,NULL,218,223,112),(3121,0,NULL,NULL,218,224,112),(3122,0,NULL,NULL,219,220,112),(3123,0,NULL,NULL,219,221,112),(3124,0,NULL,NULL,219,222,112),(3125,0,NULL,NULL,219,223,112),(3126,0,NULL,NULL,219,224,112),(3127,0,NULL,NULL,220,221,112),(3128,0,NULL,NULL,220,222,112),(3129,0,NULL,NULL,220,223,112),(3130,0,NULL,NULL,220,224,112),(3131,0,NULL,NULL,221,222,112),(3132,0,NULL,NULL,221,223,112),(3133,0,NULL,NULL,221,224,112),(3134,0,NULL,NULL,222,223,112),(3135,0,NULL,NULL,222,224,112),(3136,0,NULL,NULL,223,224,112),(3137,0,NULL,NULL,225,226,113),(3138,0,NULL,NULL,225,227,113),(3139,0,NULL,NULL,225,228,113),(3140,0,NULL,NULL,225,229,113),(3141,0,NULL,NULL,225,230,113),(3142,0,NULL,NULL,225,231,113),(3143,0,NULL,NULL,225,232,113),(3144,0,NULL,NULL,226,227,113),(3145,0,NULL,NULL,226,228,113),(3146,0,NULL,NULL,226,229,113),(3147,0,NULL,NULL,226,230,113),(3148,0,NULL,NULL,226,231,113),(3149,0,NULL,NULL,226,232,113),(3150,0,NULL,NULL,227,228,113),(3151,0,NULL,NULL,227,229,113),(3152,0,NULL,NULL,227,230,113),(3153,0,NULL,NULL,227,231,113),(3154,0,NULL,NULL,227,232,113),(3155,0,NULL,NULL,228,229,113),(3156,0,NULL,NULL,228,230,113),(3157,0,NULL,NULL,228,231,113),(3158,0,NULL,NULL,228,232,113),(3159,0,NULL,NULL,229,230,113),(3160,0,NULL,NULL,229,231,113),(3161,0,NULL,NULL,229,232,113),(3162,0,NULL,NULL,230,231,113),(3163,0,NULL,NULL,230,232,113),(3164,0,NULL,NULL,231,232,113),(3165,0,NULL,NULL,225,226,114),(3166,0,NULL,NULL,225,227,114),(3167,0,NULL,NULL,225,228,114),(3168,0,NULL,NULL,225,229,114),(3169,0,NULL,NULL,225,230,114),(3170,0,NULL,NULL,225,231,114),(3171,0,NULL,NULL,225,232,114),(3172,0,NULL,NULL,226,227,114),(3173,0,NULL,NULL,226,228,114),(3174,0,NULL,NULL,226,229,114),(3175,0,NULL,NULL,226,230,114),(3176,0,NULL,NULL,226,231,114),(3177,0,NULL,NULL,226,232,114),(3178,0,NULL,NULL,227,228,114),(3179,0,NULL,NULL,227,229,114),(3180,0,NULL,NULL,227,230,114),(3181,0,NULL,NULL,227,231,114),(3182,0,NULL,NULL,227,232,114),(3183,0,NULL,NULL,228,229,114),(3184,0,NULL,NULL,228,230,114),(3185,0,NULL,NULL,228,231,114),(3186,0,NULL,NULL,228,232,114),(3187,0,NULL,NULL,229,230,114),(3188,0,NULL,NULL,229,231,114),(3189,0,NULL,NULL,229,232,114),(3190,0,NULL,NULL,230,231,114),(3191,0,NULL,NULL,230,232,114),(3192,0,NULL,NULL,231,232,114),(3193,0,NULL,NULL,225,226,115),(3194,0,NULL,NULL,225,227,115),(3195,0,NULL,NULL,225,228,115),(3196,0,NULL,NULL,225,229,115),(3197,0,NULL,NULL,225,230,115),(3198,0,NULL,NULL,225,231,115),(3199,0,NULL,NULL,225,232,115),(3200,0,NULL,NULL,226,227,115),(3201,0,NULL,NULL,226,228,115),(3202,0,NULL,NULL,226,229,115),(3203,0,NULL,NULL,226,230,115),(3204,0,NULL,NULL,226,231,115),(3205,0,NULL,NULL,226,232,115),(3206,0,NULL,NULL,227,228,115),(3207,0,NULL,NULL,227,229,115),(3208,0,NULL,NULL,227,230,115),(3209,0,NULL,NULL,227,231,115),(3210,0,NULL,NULL,227,232,115),(3211,0,NULL,NULL,228,229,115),(3212,0,NULL,NULL,228,230,115),(3213,0,NULL,NULL,228,231,115),(3214,0,NULL,NULL,228,232,115),(3215,0,NULL,NULL,229,230,115),(3216,0,NULL,NULL,229,231,115),(3217,0,NULL,NULL,229,232,115),(3218,0,NULL,NULL,230,231,115),(3219,0,NULL,NULL,230,232,115),(3220,0,NULL,NULL,231,232,115),(3221,0,NULL,NULL,225,226,116),(3222,0,NULL,NULL,225,227,116),(3223,0,NULL,NULL,225,228,116),(3224,0,NULL,NULL,225,229,116),(3225,0,NULL,NULL,225,230,116),(3226,0,NULL,NULL,225,231,116),(3227,0,NULL,NULL,225,232,116),(3228,0,NULL,NULL,226,227,116),(3229,0,NULL,NULL,226,228,116),(3230,0,NULL,NULL,226,229,116),(3231,0,NULL,NULL,226,230,116),(3232,0,NULL,NULL,226,231,116),(3233,0,NULL,NULL,226,232,116),(3234,0,NULL,NULL,227,228,116),(3235,0,NULL,NULL,227,229,116),(3236,0,NULL,NULL,227,230,116),(3237,0,NULL,NULL,227,231,116),(3238,0,NULL,NULL,227,232,116),(3239,0,NULL,NULL,228,229,116),(3240,0,NULL,NULL,228,230,116),(3241,0,NULL,NULL,228,231,116),(3242,0,NULL,NULL,228,232,116),(3243,0,NULL,NULL,229,230,116),(3244,0,NULL,NULL,229,231,116),(3245,0,NULL,NULL,229,232,116),(3246,0,NULL,NULL,230,231,116),(3247,0,NULL,NULL,230,232,116),(3248,0,NULL,NULL,231,232,116),(3249,0,NULL,NULL,233,234,117),(3250,0,NULL,NULL,233,235,117),(3251,0,NULL,NULL,233,236,117),(3252,0,NULL,NULL,233,237,117),(3253,0,NULL,NULL,233,238,117),(3254,0,NULL,NULL,233,239,117),(3255,0,NULL,NULL,233,240,117),(3256,0,NULL,NULL,234,235,117),(3257,0,NULL,NULL,234,236,117),(3258,0,NULL,NULL,234,237,117),(3259,0,NULL,NULL,234,238,117),(3260,0,NULL,NULL,234,239,117),(3261,0,NULL,NULL,234,240,117),(3262,0,NULL,NULL,235,236,117),(3263,0,NULL,NULL,235,237,117),(3264,0,NULL,NULL,235,238,117),(3265,0,NULL,NULL,235,239,117),(3266,0,NULL,NULL,235,240,117),(3267,0,NULL,NULL,236,237,117),(3268,0,NULL,NULL,236,238,117),(3269,0,NULL,NULL,236,239,117),(3270,0,NULL,NULL,236,240,117),(3271,0,NULL,NULL,237,238,117),(3272,0,NULL,NULL,237,239,117),(3273,0,NULL,NULL,237,240,117),(3274,0,NULL,NULL,238,239,117),(3275,0,NULL,NULL,238,240,117),(3276,0,NULL,NULL,239,240,117),(3277,0,NULL,NULL,233,234,118),(3278,0,NULL,NULL,233,235,118),(3279,0,NULL,NULL,233,236,118),(3280,0,NULL,NULL,233,237,118),(3281,0,NULL,NULL,233,238,118),(3282,0,NULL,NULL,233,239,118),(3283,0,NULL,NULL,233,240,118),(3284,0,NULL,NULL,234,235,118),(3285,0,NULL,NULL,234,236,118),(3286,0,NULL,NULL,234,237,118),(3287,0,NULL,NULL,234,238,118),(3288,0,NULL,NULL,234,239,118),(3289,0,NULL,NULL,234,240,118),(3290,0,NULL,NULL,235,236,118),(3291,0,NULL,NULL,235,237,118),(3292,0,NULL,NULL,235,238,118),(3293,0,NULL,NULL,235,239,118),(3294,0,NULL,NULL,235,240,118),(3295,0,NULL,NULL,236,237,118),(3296,0,NULL,NULL,236,238,118),(3297,0,NULL,NULL,236,239,118),(3298,0,NULL,NULL,236,240,118),(3299,0,NULL,NULL,237,238,118),(3300,0,NULL,NULL,237,239,118),(3301,0,NULL,NULL,237,240,118),(3302,0,NULL,NULL,238,239,118),(3303,0,NULL,NULL,238,240,118),(3304,0,NULL,NULL,239,240,118),(3305,0,NULL,NULL,233,234,119),(3306,0,NULL,NULL,233,235,119),(3307,0,NULL,NULL,233,236,119),(3308,0,NULL,NULL,233,237,119),(3309,0,NULL,NULL,233,238,119),(3310,0,NULL,NULL,233,239,119),(3311,0,NULL,NULL,233,240,119),(3312,0,NULL,NULL,234,235,119),(3313,0,NULL,NULL,234,236,119),(3314,0,NULL,NULL,234,237,119),(3315,0,NULL,NULL,234,238,119),(3316,0,NULL,NULL,234,239,119),(3317,0,NULL,NULL,234,240,119),(3318,0,NULL,NULL,235,236,119),(3319,0,NULL,NULL,235,237,119),(3320,0,NULL,NULL,235,238,119),(3321,0,NULL,NULL,235,239,119),(3322,0,NULL,NULL,235,240,119),(3323,0,NULL,NULL,236,237,119),(3324,0,NULL,NULL,236,238,119),(3325,0,NULL,NULL,236,239,119),(3326,0,NULL,NULL,236,240,119),(3327,0,NULL,NULL,237,238,119),(3328,0,NULL,NULL,237,239,119),(3329,0,NULL,NULL,237,240,119),(3330,0,NULL,NULL,238,239,119),(3331,0,NULL,NULL,238,240,119),(3332,0,NULL,NULL,239,240,119),(3333,0,NULL,NULL,233,234,120),(3334,0,NULL,NULL,233,235,120),(3335,0,NULL,NULL,233,236,120),(3336,0,NULL,NULL,233,237,120),(3337,0,NULL,NULL,233,238,120),(3338,0,NULL,NULL,233,239,120),(3339,0,NULL,NULL,233,240,120),(3340,0,NULL,NULL,234,235,120),(3341,0,NULL,NULL,234,236,120),(3342,0,NULL,NULL,234,237,120),(3343,0,NULL,NULL,234,238,120),(3344,0,NULL,NULL,234,239,120),(3345,0,NULL,NULL,234,240,120),(3346,0,NULL,NULL,235,236,120),(3347,0,NULL,NULL,235,237,120),(3348,0,NULL,NULL,235,238,120),(3349,0,NULL,NULL,235,239,120),(3350,0,NULL,NULL,235,240,120),(3351,0,NULL,NULL,236,237,120),(3352,0,NULL,NULL,236,238,120),(3353,0,NULL,NULL,236,239,120),(3354,0,NULL,NULL,236,240,120),(3355,0,NULL,NULL,237,238,120),(3356,0,NULL,NULL,237,239,120),(3357,0,NULL,NULL,237,240,120),(3358,0,NULL,NULL,238,239,120),(3359,0,NULL,NULL,238,240,120),(3360,0,NULL,NULL,239,240,120),(3361,0,NULL,NULL,241,242,121),(3362,0,NULL,NULL,241,243,121),(3363,0,NULL,NULL,241,244,121),(3364,0,NULL,NULL,241,245,121),(3365,0,NULL,NULL,241,246,121),(3366,0,NULL,NULL,241,247,121),(3367,0,NULL,NULL,241,248,121),(3368,0,NULL,NULL,242,243,121),(3369,0,NULL,NULL,242,244,121),(3370,0,NULL,NULL,242,245,121),(3371,0,NULL,NULL,242,246,121),(3372,0,NULL,NULL,242,247,121),(3373,0,NULL,NULL,242,248,121),(3374,0,NULL,NULL,243,244,121),(3375,0,NULL,NULL,243,245,121),(3376,0,NULL,NULL,243,246,121),(3377,0,NULL,NULL,243,247,121),(3378,0,NULL,NULL,243,248,121),(3379,0,NULL,NULL,244,245,121),(3380,0,NULL,NULL,244,246,121),(3381,0,NULL,NULL,244,247,121),(3382,0,NULL,NULL,244,248,121),(3383,0,NULL,NULL,245,246,121),(3384,0,NULL,NULL,245,247,121),(3385,0,NULL,NULL,245,248,121),(3386,0,NULL,NULL,246,247,121),(3387,0,NULL,NULL,246,248,121),(3388,0,NULL,NULL,247,248,121),(3389,0,NULL,NULL,241,242,122),(3390,0,NULL,NULL,241,243,122),(3391,0,NULL,NULL,241,244,122),(3392,0,NULL,NULL,241,245,122),(3393,0,NULL,NULL,241,246,122),(3394,0,NULL,NULL,241,247,122),(3395,0,NULL,NULL,241,248,122),(3396,0,NULL,NULL,242,243,122),(3397,0,NULL,NULL,242,244,122),(3398,0,NULL,NULL,242,245,122),(3399,0,NULL,NULL,242,246,122),(3400,0,NULL,NULL,242,247,122),(3401,0,NULL,NULL,242,248,122),(3402,0,NULL,NULL,243,244,122),(3403,0,NULL,NULL,243,245,122),(3404,0,NULL,NULL,243,246,122),(3405,0,NULL,NULL,243,247,122),(3406,0,NULL,NULL,243,248,122),(3407,0,NULL,NULL,244,245,122),(3408,0,NULL,NULL,244,246,122),(3409,0,NULL,NULL,244,247,122),(3410,0,NULL,NULL,244,248,122),(3411,0,NULL,NULL,245,246,122),(3412,0,NULL,NULL,245,247,122),(3413,0,NULL,NULL,245,248,122),(3414,0,NULL,NULL,246,247,122),(3415,0,NULL,NULL,246,248,122),(3416,0,NULL,NULL,247,248,122),(3417,0,NULL,NULL,241,242,123),(3418,0,NULL,NULL,241,243,123),(3419,0,NULL,NULL,241,244,123),(3420,0,NULL,NULL,241,245,123),(3421,0,NULL,NULL,241,246,123),(3422,0,NULL,NULL,241,247,123),(3423,0,NULL,NULL,241,248,123),(3424,0,NULL,NULL,242,243,123),(3425,0,NULL,NULL,242,244,123),(3426,0,NULL,NULL,242,245,123),(3427,0,NULL,NULL,242,246,123),(3428,0,NULL,NULL,242,247,123),(3429,0,NULL,NULL,242,248,123),(3430,0,NULL,NULL,243,244,123),(3431,0,NULL,NULL,243,245,123),(3432,0,NULL,NULL,243,246,123),(3433,0,NULL,NULL,243,247,123),(3434,0,NULL,NULL,243,248,123),(3435,0,NULL,NULL,244,245,123),(3436,0,NULL,NULL,244,246,123),(3437,0,NULL,NULL,244,247,123),(3438,0,NULL,NULL,244,248,123),(3439,0,NULL,NULL,245,246,123),(3440,0,NULL,NULL,245,247,123),(3441,0,NULL,NULL,245,248,123),(3442,0,NULL,NULL,246,247,123),(3443,0,NULL,NULL,246,248,123),(3444,0,NULL,NULL,247,248,123),(3445,0,NULL,NULL,241,242,124),(3446,0,NULL,NULL,241,243,124),(3447,0,NULL,NULL,241,244,124),(3448,0,NULL,NULL,241,245,124),(3449,0,NULL,NULL,241,246,124),(3450,0,NULL,NULL,241,247,124),(3451,0,NULL,NULL,241,248,124),(3452,0,NULL,NULL,242,243,124),(3453,0,NULL,NULL,242,244,124),(3454,0,NULL,NULL,242,245,124),(3455,0,NULL,NULL,242,246,124),(3456,0,NULL,NULL,242,247,124),(3457,0,NULL,NULL,242,248,124),(3458,0,NULL,NULL,243,244,124),(3459,0,NULL,NULL,243,245,124),(3460,0,NULL,NULL,243,246,124),(3461,0,NULL,NULL,243,247,124),(3462,0,NULL,NULL,243,248,124),(3463,0,NULL,NULL,244,245,124),(3464,0,NULL,NULL,244,246,124),(3465,0,NULL,NULL,244,247,124),(3466,0,NULL,NULL,244,248,124),(3467,0,NULL,NULL,245,246,124),(3468,0,NULL,NULL,245,247,124),(3469,0,NULL,NULL,245,248,124),(3470,0,NULL,NULL,246,247,124),(3471,0,NULL,NULL,246,248,124),(3472,0,NULL,NULL,247,248,124),(3473,0,NULL,NULL,249,250,125),(3474,0,NULL,NULL,249,251,125),(3475,0,NULL,NULL,249,252,125),(3476,0,NULL,NULL,249,253,125),(3477,0,NULL,NULL,249,254,125),(3478,0,NULL,NULL,249,255,125),(3479,0,NULL,NULL,249,256,125),(3480,0,NULL,NULL,250,251,125),(3481,0,NULL,NULL,250,252,125),(3482,0,NULL,NULL,250,253,125),(3483,0,NULL,NULL,250,254,125),(3484,0,NULL,NULL,250,255,125),(3485,0,NULL,NULL,250,256,125),(3486,0,NULL,NULL,251,252,125),(3487,0,NULL,NULL,251,253,125),(3488,0,NULL,NULL,251,254,125),(3489,0,NULL,NULL,251,255,125),(3490,0,NULL,NULL,251,256,125),(3491,0,NULL,NULL,252,253,125),(3492,0,NULL,NULL,252,254,125),(3493,0,NULL,NULL,252,255,125),(3494,0,NULL,NULL,252,256,125),(3495,0,NULL,NULL,253,254,125),(3496,0,NULL,NULL,253,255,125),(3497,0,NULL,NULL,253,256,125),(3498,0,NULL,NULL,254,255,125),(3499,0,NULL,NULL,254,256,125),(3500,0,NULL,NULL,255,256,125),(3501,0,NULL,NULL,249,250,126),(3502,0,NULL,NULL,249,251,126),(3503,0,NULL,NULL,249,252,126),(3504,0,NULL,NULL,249,253,126),(3505,0,NULL,NULL,249,254,126),(3506,0,NULL,NULL,249,255,126),(3507,0,NULL,NULL,249,256,126),(3508,0,NULL,NULL,250,251,126),(3509,0,NULL,NULL,250,252,126),(3510,0,NULL,NULL,250,253,126),(3511,0,NULL,NULL,250,254,126),(3512,0,NULL,NULL,250,255,126),(3513,0,NULL,NULL,250,256,126),(3514,0,NULL,NULL,251,252,126),(3515,0,NULL,NULL,251,253,126),(3516,0,NULL,NULL,251,254,126),(3517,0,NULL,NULL,251,255,126),(3518,0,NULL,NULL,251,256,126);
/*!40000 ALTER TABLE `Matches` ENABLE KEYS */;
UNLOCK TABLES;

--
-- Table structure for table `Player`
--

DROP TABLE IF EXISTS `Player`;
/*!40101 SET @saved_cs_client     = @@character_set_client */;
/*!40101 SET character_set_client = utf8 */;
CREATE TABLE `Player` (
  `id` bigint(20) NOT NULL AUTO_INCREMENT,
  `version` int(11) DEFAULT NULL,
  `status` int(11) NOT NULL,
  `currentDivision_id` bigint(20) DEFAULT NULL,
  `league_id` bigint(20) NOT NULL,
  `user_id` bigint(20) NOT NULL,
  PRIMARY KEY (`id`),
  KEY `FK8EA3870195ECFB0C` (`currentDivision_id`),
  KEY `FK8EA3870132CB8DA5` (`league_id`),
  KEY `FK8EA38701F1882E0F` (`user_id`),
  CONSTRAINT `FK8EA38701F1882E0F` FOREIGN KEY (`user_id`) REFERENCES `User` (`id`),
  CONSTRAINT `FK8EA3870132CB8DA5` FOREIGN KEY (`league_id`) REFERENCES `League` (`id`),
  CONSTRAINT `FK8EA3870195ECFB0C` FOREIGN KEY (`currentDivision_id`) REFERENCES `Division` (`id`)
) ENGINE=InnoDB AUTO_INCREMENT=257 DEFAULT CHARSET=latin1;
/*!40101 SET character_set_client = @saved_cs_client */;

--
-- Dumping data for table `Player`
--

LOCK TABLES `Player` WRITE;
/*!40000 ALTER TABLE `Player` DISABLE KEYS */;
INSERT INTO `Player` VALUES (1,0,0,1,1,2),(2,0,0,1,1,3),(3,0,0,1,1,4),(4,0,0,1,1,5),(5,0,0,1,1,6),(6,0,0,1,1,7),(7,0,0,1,1,8),(8,0,0,1,1,1),(9,0,0,2,1,9),(10,0,0,2,1,10),(11,0,0,2,1,11),(12,0,0,2,1,12),(13,0,0,2,1,13),(14,0,0,2,1,14),(15,0,0,2,1,15),(16,0,0,2,1,1),(17,0,0,3,1,16),(18,0,0,3,1,17),(19,0,0,3,1,18),(20,0,0,3,1,19),(21,0,0,3,1,20),(22,0,0,3,1,21),(23,0,0,3,1,22),(24,0,0,3,1,1),(25,0,0,4,1,23),(26,0,0,4,1,24),(27,0,0,4,1,25),(28,0,0,4,1,26),(29,0,0,4,1,27),(30,0,0,4,1,28),(31,0,0,4,1,29),(32,0,0,4,1,1),(33,0,0,5,2,30),(34,0,0,5,2,31),(35,0,0,5,2,32),(36,0,0,5,2,33),(37,0,0,5,2,34),(38,0,0,5,2,35),(39,0,0,5,2,36),(40,0,0,5,2,1),(41,0,0,6,2,37),(42,0,0,6,2,38),(43,0,0,6,2,39),(44,0,0,6,2,40),(45,0,0,6,2,41),(46,0,0,6,2,42),(47,0,0,6,2,43),(48,0,0,6,2,1),(49,0,0,7,2,44),(50,0,0,7,2,45),(51,0,0,7,2,46),(52,0,0,7,2,47),(53,0,0,7,2,48),(54,0,0,7,2,49),(55,0,0,7,2,50),(56,0,0,7,2,1),(57,0,0,8,2,51),(58,0,0,8,2,52),(59,0,0,8,2,53),(60,0,0,8,2,54),(61,0,0,8,2,55),(62,0,0,8,2,56),(63,0,0,8,2,57),(64,0,0,8,2,1),(65,0,0,9,3,58),(66,0,0,9,3,59),(67,0,0,9,3,60),(68,0,0,9,3,61),(69,0,0,9,3,62),(70,0,0,9,3,63),(71,0,0,9,3,64),(72,0,0,9,3,1),(73,0,0,10,3,65),(74,0,0,10,3,66),(75,0,0,10,3,67),(76,0,0,10,3,68),(77,0,0,10,3,69),(78,0,0,10,3,70),(79,0,0,10,3,71),(80,0,0,10,3,1),(81,0,0,11,3,72),(82,0,0,11,3,73),(83,0,0,11,3,74),(84,0,0,11,3,75),(85,0,0,11,3,76),(86,0,0,11,3,77),(87,0,0,11,3,78),(88,0,0,11,3,1),(89,0,0,12,3,79),(90,0,0,12,3,80),(91,0,0,12,3,81),(92,0,0,12,3,82),(93,0,0,12,3,83),(94,0,0,12,3,84),(95,0,0,12,3,85),(96,0,0,12,3,1),(97,0,0,13,4,86),(98,0,0,13,4,87),(99,0,0,13,4,88),(100,0,0,13,4,89),(101,0,0,13,4,90),(102,0,0,13,4,91),(103,0,0,13,4,92),(104,0,0,13,4,1),(105,0,0,14,4,93),(106,0,0,14,4,94),(107,0,0,14,4,95),(108,0,0,14,4,96),(109,0,0,14,4,97),(110,0,0,14,4,98),(111,0,0,14,4,99),(112,0,0,14,4,1),(113,0,0,15,4,100),(114,0,0,15,4,101),(115,0,0,15,4,102),(116,0,0,15,4,103),(117,0,0,15,4,104),(118,0,0,15,4,105),(119,0,0,15,4,106),(120,0,0,15,4,1),(121,0,0,16,4,107),(122,0,0,16,4,108),(123,0,0,16,4,109),(124,0,0,16,4,110),(125,0,0,16,4,111),(126,0,0,16,4,112),(127,0,0,16,4,113),(128,0,0,16,4,1),(129,0,0,17,5,114),(130,0,0,17,5,115),(131,0,0,17,5,116),(132,0,0,17,5,117),(133,0,0,17,5,118),(134,0,0,17,5,119),(135,0,0,17,5,120),(136,0,0,17,5,1),(137,0,0,18,5,121),(138,0,0,18,5,122),(139,0,0,18,5,123),(140,0,0,18,5,124),(141,0,0,18,5,125),(142,0,0,18,5,126),(143,0,0,18,5,127),(144,0,0,18,5,1),(145,0,0,19,5,128),(146,0,0,19,5,129),(147,0,0,19,5,130),(148,0,0,19,5,131),(149,0,0,19,5,132),(150,0,0,19,5,133),(151,0,0,19,5,134),(152,0,0,19,5,1),(153,0,0,20,5,135),(154,0,0,20,5,136),(155,0,0,20,5,137),(156,0,0,20,5,138),(157,0,0,20,5,139),(158,0,0,20,5,140),(159,0,0,20,5,141),(160,0,0,20,5,1),(161,0,0,21,6,142),(162,0,0,21,6,143),(163,0,0,21,6,144),(164,0,0,21,6,145),(165,0,0,21,6,146),(166,0,0,21,6,147),(167,0,0,21,6,148),(168,0,0,21,6,1),(169,0,0,22,6,149),(170,0,0,22,6,150),(171,0,0,22,6,151),(172,0,0,22,6,152),(173,0,0,22,6,153),(174,0,0,22,6,154),(175,0,0,22,6,155),(176,0,0,22,6,1),(177,0,0,23,6,156),(178,0,0,23,6,157),(179,0,0,23,6,158),(180,0,0,23,6,159),(181,0,0,23,6,160),(182,0,0,23,6,161),(183,0,0,23,6,162),(184,0,0,23,6,1),(185,0,0,24,6,163),(186,0,0,24,6,164),(187,0,0,24,6,165),(188,0,0,24,6,166),(189,0,0,24,6,167),(190,0,0,24,6,168),(191,0,0,24,6,169),(192,0,0,24,6,1),(193,0,0,25,7,170),(194,0,0,25,7,171),(195,0,0,25,7,172),(196,0,0,25,7,173),(197,0,0,25,7,174),(198,0,0,25,7,175),(199,0,0,25,7,176),(200,0,0,25,7,1),(201,0,0,26,7,177),(202,0,0,26,7,178),(203,0,0,26,7,179),(204,0,0,26,7,180),(205,0,0,26,7,181),(206,0,0,26,7,182),(207,0,0,26,7,183),(208,0,0,26,7,1),(209,0,0,27,7,184),(210,0,0,27,7,185),(211,0,0,27,7,186),(212,0,0,27,7,187),(213,0,0,27,7,188),(214,0,0,27,7,189),(215,0,0,27,7,190),(216,0,0,27,7,1),(217,0,0,28,7,191),(218,0,0,28,7,192),(219,0,0,28,7,193),(220,0,0,28,7,194),(221,0,0,28,7,195),(222,0,0,28,7,196),(223,0,0,28,7,197),(224,0,0,28,7,1),(225,0,0,29,8,198),(226,0,0,29,8,199),(227,0,0,29,8,200),(228,0,0,29,8,201),(229,0,0,29,8,202),(230,0,0,29,8,203),(231,0,0,29,8,204),(232,0,0,29,8,1),(233,0,0,30,8,205),(234,0,0,30,8,206),(235,0,0,30,8,207),(236,0,0,30,8,208),(237,0,0,30,8,209),(238,0,0,30,8,210),(239,0,0,30,8,211),(240,0,0,30,8,1),(241,0,0,31,8,212),(242,0,0,31,8,213),(243,0,0,31,8,214),(244,0,0,31,8,215),(245,0,0,31,8,216),(246,0,0,31,8,217),(247,0,0,31,8,218),(248,0,0,31,8,1),(249,0,0,32,8,219),(250,0,0,32,8,220),(251,0,0,32,8,221),(252,0,0,32,8,222),(253,0,0,32,8,223),(254,0,0,32,8,224),(255,0,0,32,8,225),(256,0,0,32,8,1);
/*!40000 ALTER TABLE `Player` ENABLE KEYS */;
UNLOCK TABLES;

--
-- Table structure for table `Role`
--

DROP TABLE IF EXISTS `Role`;
/*!40101 SET @saved_cs_client     = @@character_set_client */;
/*!40101 SET character_set_client = utf8 */;
CREATE TABLE `Role` (
  `id` bigint(20) NOT NULL AUTO_INCREMENT,
  `version` int(11) DEFAULT NULL,
  `description` varchar(50) NOT NULL,
  `name` varchar(25) NOT NULL,
  `club_id` bigint(20) DEFAULT NULL,
  PRIMARY KEY (`id`),
  UNIQUE KEY `uc_Role_1` (`name`),
  KEY `FK26F4965A00C305` (`club_id`),
  CONSTRAINT `FK26F4965A00C305` FOREIGN KEY (`club_id`) REFERENCES `Club` (`id`)
) ENGINE=InnoDB AUTO_INCREMENT=3 DEFAULT CHARSET=latin1;
/*!40101 SET character_set_client = @saved_cs_client */;

--
-- Dumping data for table `Role`
--

LOCK TABLES `Role` WRITE;
/*!40000 ALTER TABLE `Role` DISABLE KEYS */;
INSERT INTO `Role` VALUES (1,0,'Administrator Role','ROLE_ADMIN',NULL),(2,0,'Authentication User Role','ROLE_USER',NULL);
/*!40000 ALTER TABLE `Role` ENABLE KEYS */;
UNLOCK TABLES;

--
-- Table structure for table `Round`
--

DROP TABLE IF EXISTS `Round`;
/*!40101 SET @saved_cs_client     = @@character_set_client */;
/*!40101 SET character_set_client = utf8 */;
CREATE TABLE `Round` (
  `id` bigint(20) NOT NULL AUTO_INCREMENT,
  `version` int(11) DEFAULT NULL,
  `endDate` datetime NOT NULL,
  `startDate` datetime NOT NULL,
  `division_id` bigint(20) NOT NULL,
  PRIMARY KEY (`id`),
  KEY `FK4B7C16E27E9AE25` (`division_id`),
  CONSTRAINT `FK4B7C16E27E9AE25` FOREIGN KEY (`division_id`) REFERENCES `Division` (`id`)
) ENGINE=InnoDB AUTO_INCREMENT=127 DEFAULT CHARSET=latin1;
/*!40101 SET character_set_client = @saved_cs_client */;

--
-- Dumping data for table `Round`
--

LOCK TABLES `Round` WRITE;
/*!40000 ALTER TABLE `Round` DISABLE KEYS */;
INSERT INTO `Round` VALUES (1,0,'2013-06-04 22:01:43','2013-05-31 22:01:43',1),(2,0,'2013-06-05 22:01:45','2013-06-01 22:01:45',1),(3,0,'2013-06-06 22:01:46','2013-06-02 22:01:46',1),(4,0,'2013-06-07 22:01:48','2013-06-03 22:01:48',1),(5,0,'2013-06-05 22:01:52','2013-06-01 22:01:52',2),(6,0,'2013-06-06 22:01:55','2013-06-02 22:01:55',2),(7,0,'2013-06-07 22:01:58','2013-06-03 22:01:58',2),(8,0,'2013-06-08 22:02:01','2013-06-04 22:02:01',2),(9,0,'2013-06-06 22:02:07','2013-06-02 22:02:07',3),(10,0,'2013-06-07 22:02:12','2013-06-03 22:02:12',3),(11,0,'2013-06-08 22:02:16','2013-06-04 22:02:16',3),(12,0,'2013-06-09 22:02:21','2013-06-05 22:02:21',3),(13,0,'2013-06-07 22:02:30','2013-06-03 22:02:30',4),(14,0,'2013-06-08 22:02:36','2013-06-04 22:02:36',4),(15,0,'2013-06-09 22:02:42','2013-06-05 22:02:42',4),(16,0,'2013-06-10 22:02:49','2013-06-06 22:02:49',4),(17,0,'2013-06-05 22:03:00','2013-06-01 22:03:00',5),(18,0,'2013-06-06 22:03:08','2013-06-02 22:03:08',5),(19,0,'2013-06-07 22:03:16','2013-06-03 22:03:16',5),(20,0,'2013-06-08 22:03:24','2013-06-04 22:03:24',5),(21,0,'2013-06-06 22:03:38','2013-06-02 22:03:38',6),(22,0,'2013-06-07 22:03:47','2013-06-03 22:03:47',6),(23,0,'2013-06-08 22:03:56','2013-06-04 22:03:56',6),(24,0,'2013-06-09 22:04:06','2013-06-05 22:04:06',6),(25,0,'2013-06-07 22:04:22','2013-06-03 22:04:22',7),(26,0,'2013-06-08 22:04:33','2013-06-04 22:04:33',7),(27,0,'2013-06-09 22:04:44','2013-06-05 22:04:44',7),(28,0,'2013-06-10 22:04:55','2013-06-06 22:04:55',7),(29,0,'2013-06-08 22:05:14','2013-06-04 22:05:14',8),(30,0,'2013-06-09 22:05:26','2013-06-05 22:05:26',8),(31,0,'2013-06-10 22:05:38','2013-06-06 22:05:38',8),(32,0,'2013-06-11 22:05:51','2013-06-07 22:05:51',8),(33,0,'2013-06-06 22:06:13','2013-06-02 22:06:13',9),(34,0,'2013-06-07 22:06:27','2013-06-03 22:06:27',9),(35,0,'2013-06-08 22:06:41','2013-06-04 22:06:41',9),(36,0,'2013-06-09 22:06:56','2013-06-05 22:06:56',9),(37,0,'2013-06-07 22:07:19','2013-06-03 22:07:19',10),(38,0,'2013-06-08 22:07:35','2013-06-04 22:07:35',10),(39,0,'2013-06-09 22:07:51','2013-06-05 22:07:51',10),(40,0,'2013-06-10 22:08:07','2013-06-06 22:08:07',10),(41,0,'2013-06-08 22:08:33','2013-06-04 22:08:33',11),(42,0,'2013-06-09 22:08:50','2013-06-05 22:08:50',11),(43,0,'2013-06-10 22:09:08','2013-06-06 22:09:08',11),(44,0,'2013-06-11 22:09:25','2013-06-07 22:09:25',11),(45,0,'2013-06-09 22:09:54','2013-06-05 22:09:54',12),(46,0,'2013-06-10 22:10:12','2013-06-06 22:10:12',12),(47,0,'2013-06-11 22:10:31','2013-06-07 22:10:31',12),(48,0,'2013-06-12 22:10:51','2013-06-08 22:10:51',12),(49,0,'2013-06-07 22:11:22','2013-06-03 22:11:22',13),(50,0,'2013-06-08 22:11:42','2013-06-04 22:11:42',13),(51,0,'2013-06-09 22:12:03','2013-06-05 22:12:03',13),(52,0,'2013-06-10 22:12:24','2013-06-06 22:12:24',13),(53,0,'2013-06-08 22:12:57','2013-06-04 22:12:57',14),(54,0,'2013-06-09 22:13:19','2013-06-05 22:13:19',14),(55,0,'2013-06-10 22:13:41','2013-06-06 22:13:41',14),(56,0,'2013-06-11 22:14:03','2013-06-07 22:14:03',14),(57,0,'2013-06-09 22:14:39','2013-06-05 22:14:39',15),(58,0,'2013-06-10 22:15:02','2013-06-06 22:15:02',15),(59,0,'2013-06-11 22:15:26','2013-06-07 22:15:26',15),(60,0,'2013-06-12 22:15:50','2013-06-08 22:15:50',15),(61,0,'2013-06-10 22:16:28','2013-06-06 22:16:28',16),(62,0,'2013-06-11 22:16:53','2013-06-07 22:16:53',16),(63,0,'2013-06-12 22:17:18','2013-06-08 22:17:18',16),(64,0,'2013-06-13 22:17:44','2013-06-09 22:17:44',16),(65,0,'2013-06-05 22:18:27','2013-06-01 22:18:27',17),(66,0,'2013-06-06 22:18:53','2013-06-02 22:18:53',17),(67,0,'2013-06-07 22:19:20','2013-06-03 22:19:20',17),(68,0,'2013-06-08 22:19:47','2013-06-04 22:19:47',17),(69,0,'2013-06-06 22:20:31','2013-06-02 22:20:31',18),(70,0,'2013-06-07 22:21:00','2013-06-03 22:21:00',18),(71,0,'2013-06-08 22:21:29','2013-06-04 22:21:29',18),(72,0,'2013-06-09 22:21:58','2013-06-05 22:21:58',18),(73,0,'2013-06-07 22:22:45','2013-06-03 22:22:45',19),(74,0,'2013-06-08 22:23:14','2013-06-04 22:23:14',19),(75,0,'2013-06-09 22:23:44','2013-06-05 22:23:44',19),(76,0,'2013-06-10 22:24:15','2013-06-06 22:24:15',19),(77,0,'2013-06-08 22:25:03','2013-06-04 22:25:03',20),(78,0,'2013-06-09 22:25:35','2013-06-05 22:25:35',20),(79,0,'2013-06-10 22:26:06','2013-06-06 22:26:06',20),(80,0,'2013-06-11 22:26:38','2013-06-07 22:26:38',20),(81,0,'2013-06-06 22:27:30','2013-06-02 22:27:30',21),(82,0,'2013-06-07 22:28:11','2013-06-03 22:28:11',21),(83,0,'2013-06-08 22:28:44','2013-06-04 22:28:44',21),(84,0,'2013-06-09 22:29:18','2013-06-05 22:29:18',21),(85,0,'2013-06-07 22:30:11','2013-06-03 22:30:11',22),(86,0,'2013-06-08 22:30:45','2013-06-04 22:30:45',22),(87,0,'2013-06-09 22:31:20','2013-06-05 22:31:20',22),(88,0,'2013-06-10 22:31:55','2013-06-06 22:31:55',22),(89,0,'2013-06-08 22:32:52','2013-06-04 22:32:52',23),(90,0,'2013-06-09 22:33:29','2013-06-05 22:33:29',23),(91,0,'2013-06-10 22:34:06','2013-06-06 22:34:06',23),(92,0,'2013-06-11 22:34:44','2013-06-07 22:34:44',23),(93,0,'2013-06-09 22:35:42','2013-06-05 22:35:42',24),(94,0,'2013-06-10 22:36:20','2013-06-06 22:36:20',24),(95,0,'2013-06-11 22:36:58','2013-06-07 22:36:58',24),(96,0,'2013-06-12 22:37:36','2013-06-08 22:37:36',24),(97,0,'2013-06-07 22:38:38','2013-06-03 22:38:38',25),(98,0,'2013-06-08 22:39:18','2013-06-04 22:39:18',25),(99,0,'2013-06-09 22:39:57','2013-06-05 22:39:57',25),(100,0,'2013-06-10 22:40:36','2013-06-06 22:40:36',25),(101,0,'2013-06-08 22:41:39','2013-06-04 22:41:39',26),(102,0,'2013-06-09 22:42:20','2013-06-05 22:42:20',26),(103,0,'2013-06-10 22:43:01','2013-06-06 22:43:01',26),(104,0,'2013-06-11 22:43:42','2013-06-07 22:43:42',26),(105,0,'2013-06-09 22:44:47','2013-06-05 22:44:47',27),(106,0,'2013-06-10 22:45:30','2013-06-06 22:45:30',27),(107,0,'2013-06-11 22:46:12','2013-06-07 22:46:12',27),(108,0,'2013-06-12 22:46:55','2013-06-08 22:46:55',27),(109,0,'2013-06-10 22:48:03','2013-06-06 22:48:03',28),(110,0,'2013-06-11 22:48:47','2013-06-07 22:48:47',28),(111,0,'2013-06-12 22:49:32','2013-06-08 22:49:32',28),(112,0,'2013-06-13 22:50:16','2013-06-09 22:50:16',28),(113,0,'2013-06-08 22:51:28','2013-06-04 22:51:28',29),(114,0,'2013-06-09 22:52:13','2013-06-05 22:52:13',29),(115,0,'2013-06-10 22:52:59','2013-06-06 22:52:59',29),(116,0,'2013-06-11 22:53:46','2013-06-07 22:53:46',29),(117,0,'2013-06-09 22:54:59','2013-06-05 22:54:59',30),(118,0,'2013-06-10 22:55:46','2013-06-06 22:55:46',30),(119,0,'2013-06-11 22:56:33','2013-06-07 22:56:33',30),(120,0,'2013-06-12 22:57:21','2013-06-08 22:57:21',30),(121,0,'2013-06-10 22:58:37','2013-06-06 22:58:37',31),(122,0,'2013-06-11 22:59:26','2013-06-07 22:59:26',31),(123,0,'2013-06-12 23:00:16','2013-06-08 23:00:16',31),(124,0,'2013-06-13 23:01:05','2013-06-09 23:01:05',31),(125,0,'2013-06-11 23:02:23','2013-06-07 23:02:23',32),(126,0,'2013-06-12 23:03:14','2013-06-08 23:03:14',32);
/*!40000 ALTER TABLE `Round` ENABLE KEYS */;
UNLOCK TABLES;

--
-- Table structure for table `User`
--

DROP TABLE IF EXISTS `User`;
/*!40101 SET @saved_cs_client     = @@character_set_client */;
/*!40101 SET character_set_client = utf8 */;
CREATE TABLE `User` (
  `id` bigint(20) NOT NULL AUTO_INCREMENT,
  `version` int(11) DEFAULT NULL,
  `email` varchar(255) NOT NULL,
  `mobile` varchar(255) DEFAULT NULL,
  `mobilePrivacy` int(11) NOT NULL,
  `name` varchar(50) NOT NULL,
  `oneTimeToken` varchar(255) DEFAULT NULL,
  `password` varchar(255) DEFAULT NULL,
  PRIMARY KEY (`id`),
  UNIQUE KEY `uc_User_1` (`email`)
) ENGINE=InnoDB AUTO_INCREMENT=226 DEFAULT CHARSET=latin1;
/*!40101 SET character_set_client = @saved_cs_client */;

--
-- Dumping data for table `User`
--

LOCK TABLES `User` WRITE;
/*!40000 ALTER TABLE `User` DISABLE KEYS */;
INSERT INTO `User` VALUES (1,1,'jamesdbloom@gmail.com','07515 900 569',1,'James D Bloom','','3d50fd9e2677af8cf9e47bacd7c3bfbc5ea1eb822bc61c67fa0d1bc45b30aaa8059efe052023b5433e6fb31db454cde2476b83498884336750fb14031c1fe591f2e3bd78990c4e14'),(2,0,'0_0_0_0@email.com',NULL,0,'0_0_0_0 name',NULL,NULL),(3,0,'1_0_0_0@email.com',NULL,0,'1_0_0_0 name',NULL,NULL),(4,0,'2_0_0_0@email.com',NULL,0,'2_0_0_0 name',NULL,NULL),(5,0,'3_0_0_0@email.com',NULL,0,'3_0_0_0 name',NULL,NULL),(6,0,'4_0_0_0@email.com',NULL,0,'4_0_0_0 name',NULL,NULL),(7,0,'5_0_0_0@email.com',NULL,0,'5_0_0_0 name',NULL,NULL),(8,0,'6_0_0_0@email.com',NULL,0,'6_0_0_0 name',NULL,NULL),(9,0,'0_1_0_0@email.com',NULL,0,'0_1_0_0 name',NULL,NULL),(10,0,'1_1_0_0@email.com',NULL,0,'1_1_0_0 name',NULL,NULL),(11,0,'2_1_0_0@email.com',NULL,0,'2_1_0_0 name',NULL,NULL),(12,0,'3_1_0_0@email.com',NULL,0,'3_1_0_0 name',NULL,NULL),(13,0,'4_1_0_0@email.com',NULL,0,'4_1_0_0 name',NULL,NULL),(14,0,'5_1_0_0@email.com',NULL,0,'5_1_0_0 name',NULL,NULL),(15,0,'6_1_0_0@email.com',NULL,0,'6_1_0_0 name',NULL,NULL),(16,0,'0_2_0_0@email.com',NULL,0,'0_2_0_0 name',NULL,NULL),(17,0,'1_2_0_0@email.com',NULL,0,'1_2_0_0 name',NULL,NULL),(18,0,'2_2_0_0@email.com',NULL,0,'2_2_0_0 name',NULL,NULL),(19,0,'3_2_0_0@email.com',NULL,0,'3_2_0_0 name',NULL,NULL),(20,0,'4_2_0_0@email.com',NULL,0,'4_2_0_0 name',NULL,NULL),(21,0,'5_2_0_0@email.com',NULL,0,'5_2_0_0 name',NULL,NULL),(22,0,'6_2_0_0@email.com',NULL,0,'6_2_0_0 name',NULL,NULL),(23,0,'0_3_0_0@email.com',NULL,0,'0_3_0_0 name',NULL,NULL),(24,0,'1_3_0_0@email.com',NULL,0,'1_3_0_0 name',NULL,NULL),(25,0,'2_3_0_0@email.com',NULL,0,'2_3_0_0 name',NULL,NULL),(26,0,'3_3_0_0@email.com',NULL,0,'3_3_0_0 name',NULL,NULL),(27,0,'4_3_0_0@email.com',NULL,0,'4_3_0_0 name',NULL,NULL),(28,0,'5_3_0_0@email.com',NULL,0,'5_3_0_0 name',NULL,NULL),(29,0,'6_3_0_0@email.com',NULL,0,'6_3_0_0 name',NULL,NULL),(30,0,'0_0_1_0@email.com',NULL,0,'0_0_1_0 name',NULL,NULL),(31,0,'1_0_1_0@email.com',NULL,0,'1_0_1_0 name',NULL,NULL),(32,0,'2_0_1_0@email.com',NULL,0,'2_0_1_0 name',NULL,NULL),(33,0,'3_0_1_0@email.com',NULL,0,'3_0_1_0 name',NULL,NULL),(34,0,'4_0_1_0@email.com',NULL,0,'4_0_1_0 name',NULL,NULL),(35,0,'5_0_1_0@email.com',NULL,0,'5_0_1_0 name',NULL,NULL),(36,0,'6_0_1_0@email.com',NULL,0,'6_0_1_0 name',NULL,NULL),(37,0,'0_1_1_0@email.com',NULL,0,'0_1_1_0 name',NULL,NULL),(38,0,'1_1_1_0@email.com',NULL,0,'1_1_1_0 name',NULL,NULL),(39,0,'2_1_1_0@email.com',NULL,0,'2_1_1_0 name',NULL,NULL),(40,0,'3_1_1_0@email.com',NULL,0,'3_1_1_0 name',NULL,NULL),(41,0,'4_1_1_0@email.com',NULL,0,'4_1_1_0 name',NULL,NULL),(42,0,'5_1_1_0@email.com',NULL,0,'5_1_1_0 name',NULL,NULL),(43,0,'6_1_1_0@email.com',NULL,0,'6_1_1_0 name',NULL,NULL),(44,0,'0_2_1_0@email.com',NULL,0,'0_2_1_0 name',NULL,NULL),(45,0,'1_2_1_0@email.com',NULL,0,'1_2_1_0 name',NULL,NULL),(46,0,'2_2_1_0@email.com',NULL,0,'2_2_1_0 name',NULL,NULL),(47,0,'3_2_1_0@email.com',NULL,0,'3_2_1_0 name',NULL,NULL),(48,0,'4_2_1_0@email.com',NULL,0,'4_2_1_0 name',NULL,NULL),(49,0,'5_2_1_0@email.com',NULL,0,'5_2_1_0 name',NULL,NULL),(50,0,'6_2_1_0@email.com',NULL,0,'6_2_1_0 name',NULL,NULL),(51,0,'0_3_1_0@email.com',NULL,0,'0_3_1_0 name',NULL,NULL),(52,0,'1_3_1_0@email.com',NULL,0,'1_3_1_0 name',NULL,NULL),(53,0,'2_3_1_0@email.com',NULL,0,'2_3_1_0 name',NULL,NULL),(54,0,'3_3_1_0@email.com',NULL,0,'3_3_1_0 name',NULL,NULL),(55,0,'4_3_1_0@email.com',NULL,0,'4_3_1_0 name',NULL,NULL),(56,0,'5_3_1_0@email.com',NULL,0,'5_3_1_0 name',NULL,NULL),(57,0,'6_3_1_0@email.com',NULL,0,'6_3_1_0 name',NULL,NULL),(58,0,'0_0_2_0@email.com',NULL,0,'0_0_2_0 name',NULL,NULL),(59,0,'1_0_2_0@email.com',NULL,0,'1_0_2_0 name',NULL,NULL),(60,0,'2_0_2_0@email.com',NULL,0,'2_0_2_0 name',NULL,NULL),(61,0,'3_0_2_0@email.com',NULL,0,'3_0_2_0 name',NULL,NULL),(62,0,'4_0_2_0@email.com',NULL,0,'4_0_2_0 name',NULL,NULL),(63,0,'5_0_2_0@email.com',NULL,0,'5_0_2_0 name',NULL,NULL),(64,0,'6_0_2_0@email.com',NULL,0,'6_0_2_0 name',NULL,NULL),(65,0,'0_1_2_0@email.com',NULL,0,'0_1_2_0 name',NULL,NULL),(66,0,'1_1_2_0@email.com',NULL,0,'1_1_2_0 name',NULL,NULL),(67,0,'2_1_2_0@email.com',NULL,0,'2_1_2_0 name',NULL,NULL),(68,0,'3_1_2_0@email.com',NULL,0,'3_1_2_0 name',NULL,NULL),(69,0,'4_1_2_0@email.com',NULL,0,'4_1_2_0 name',NULL,NULL),(70,0,'5_1_2_0@email.com',NULL,0,'5_1_2_0 name',NULL,NULL),(71,0,'6_1_2_0@email.com',NULL,0,'6_1_2_0 name',NULL,NULL),(72,0,'0_2_2_0@email.com',NULL,0,'0_2_2_0 name',NULL,NULL),(73,0,'1_2_2_0@email.com',NULL,0,'1_2_2_0 name',NULL,NULL),(74,0,'2_2_2_0@email.com',NULL,0,'2_2_2_0 name',NULL,NULL),(75,0,'3_2_2_0@email.com',NULL,0,'3_2_2_0 name',NULL,NULL),(76,0,'4_2_2_0@email.com',NULL,0,'4_2_2_0 name',NULL,NULL),(77,0,'5_2_2_0@email.com',NULL,0,'5_2_2_0 name',NULL,NULL),(78,0,'6_2_2_0@email.com',NULL,0,'6_2_2_0 name',NULL,NULL),(79,0,'0_3_2_0@email.com',NULL,0,'0_3_2_0 name',NULL,NULL),(80,0,'1_3_2_0@email.com',NULL,0,'1_3_2_0 name',NULL,NULL),(81,0,'2_3_2_0@email.com',NULL,0,'2_3_2_0 name',NULL,NULL),(82,0,'3_3_2_0@email.com',NULL,0,'3_3_2_0 name',NULL,NULL),(83,0,'4_3_2_0@email.com',NULL,0,'4_3_2_0 name',NULL,NULL),(84,0,'5_3_2_0@email.com',NULL,0,'5_3_2_0 name',NULL,NULL),(85,0,'6_3_2_0@email.com',NULL,0,'6_3_2_0 name',NULL,NULL),(86,0,'0_0_3_0@email.com',NULL,0,'0_0_3_0 name',NULL,NULL),(87,0,'1_0_3_0@email.com',NULL,0,'1_0_3_0 name',NULL,NULL),(88,0,'2_0_3_0@email.com',NULL,0,'2_0_3_0 name',NULL,NULL),(89,0,'3_0_3_0@email.com',NULL,0,'3_0_3_0 name',NULL,NULL),(90,0,'4_0_3_0@email.com',NULL,0,'4_0_3_0 name',NULL,NULL),(91,0,'5_0_3_0@email.com',NULL,0,'5_0_3_0 name',NULL,NULL),(92,0,'6_0_3_0@email.com',NULL,0,'6_0_3_0 name',NULL,NULL),(93,0,'0_1_3_0@email.com',NULL,0,'0_1_3_0 name',NULL,NULL),(94,0,'1_1_3_0@email.com',NULL,0,'1_1_3_0 name',NULL,NULL),(95,0,'2_1_3_0@email.com',NULL,0,'2_1_3_0 name',NULL,NULL),(96,0,'3_1_3_0@email.com',NULL,0,'3_1_3_0 name',NULL,NULL),(97,0,'4_1_3_0@email.com',NULL,0,'4_1_3_0 name',NULL,NULL),(98,0,'5_1_3_0@email.com',NULL,0,'5_1_3_0 name',NULL,NULL),(99,0,'6_1_3_0@email.com',NULL,0,'6_1_3_0 name',NULL,NULL),(100,0,'0_2_3_0@email.com',NULL,0,'0_2_3_0 name',NULL,NULL),(101,0,'1_2_3_0@email.com',NULL,0,'1_2_3_0 name',NULL,NULL),(102,0,'2_2_3_0@email.com',NULL,0,'2_2_3_0 name',NULL,NULL),(103,0,'3_2_3_0@email.com',NULL,0,'3_2_3_0 name',NULL,NULL),(104,0,'4_2_3_0@email.com',NULL,0,'4_2_3_0 name',NULL,NULL),(105,0,'5_2_3_0@email.com',NULL,0,'5_2_3_0 name',NULL,NULL),(106,0,'6_2_3_0@email.com',NULL,0,'6_2_3_0 name',NULL,NULL),(107,0,'0_3_3_0@email.com',NULL,0,'0_3_3_0 name',NULL,NULL),(108,0,'1_3_3_0@email.com',NULL,0,'1_3_3_0 name',NULL,NULL),(109,0,'2_3_3_0@email.com',NULL,0,'2_3_3_0 name',NULL,NULL),(110,0,'3_3_3_0@email.com',NULL,0,'3_3_3_0 name',NULL,NULL),(111,0,'4_3_3_0@email.com',NULL,0,'4_3_3_0 name',NULL,NULL),(112,0,'5_3_3_0@email.com',NULL,0,'5_3_3_0 name',NULL,NULL),(113,0,'6_3_3_0@email.com',NULL,0,'6_3_3_0 name',NULL,NULL),(114,0,'0_0_0_1@email.com',NULL,0,'0_0_0_1 name',NULL,NULL),(115,0,'1_0_0_1@email.com',NULL,0,'1_0_0_1 name',NULL,NULL),(116,0,'2_0_0_1@email.com',NULL,0,'2_0_0_1 name',NULL,NULL),(117,0,'3_0_0_1@email.com',NULL,0,'3_0_0_1 name',NULL,NULL),(118,0,'4_0_0_1@email.com',NULL,0,'4_0_0_1 name',NULL,NULL),(119,0,'5_0_0_1@email.com',NULL,0,'5_0_0_1 name',NULL,NULL),(120,0,'6_0_0_1@email.com',NULL,0,'6_0_0_1 name',NULL,NULL),(121,0,'0_1_0_1@email.com',NULL,0,'0_1_0_1 name',NULL,NULL),(122,0,'1_1_0_1@email.com',NULL,0,'1_1_0_1 name',NULL,NULL),(123,0,'2_1_0_1@email.com',NULL,0,'2_1_0_1 name',NULL,NULL),(124,0,'3_1_0_1@email.com',NULL,0,'3_1_0_1 name',NULL,NULL),(125,0,'4_1_0_1@email.com',NULL,0,'4_1_0_1 name',NULL,NULL),(126,0,'5_1_0_1@email.com',NULL,0,'5_1_0_1 name',NULL,NULL),(127,0,'6_1_0_1@email.com',NULL,0,'6_1_0_1 name',NULL,NULL),(128,0,'0_2_0_1@email.com',NULL,0,'0_2_0_1 name',NULL,NULL),(129,0,'1_2_0_1@email.com',NULL,0,'1_2_0_1 name',NULL,NULL),(130,0,'2_2_0_1@email.com',NULL,0,'2_2_0_1 name',NULL,NULL),(131,0,'3_2_0_1@email.com',NULL,0,'3_2_0_1 name',NULL,NULL),(132,0,'4_2_0_1@email.com',NULL,0,'4_2_0_1 name',NULL,NULL),(133,0,'5_2_0_1@email.com',NULL,0,'5_2_0_1 name',NULL,NULL),(134,0,'6_2_0_1@email.com',NULL,0,'6_2_0_1 name',NULL,NULL),(135,0,'0_3_0_1@email.com',NULL,0,'0_3_0_1 name',NULL,NULL),(136,0,'1_3_0_1@email.com',NULL,0,'1_3_0_1 name',NULL,NULL),(137,0,'2_3_0_1@email.com',NULL,0,'2_3_0_1 name',NULL,NULL),(138,0,'3_3_0_1@email.com',NULL,0,'3_3_0_1 name',NULL,NULL),(139,0,'4_3_0_1@email.com',NULL,0,'4_3_0_1 name',NULL,NULL),(140,0,'5_3_0_1@email.com',NULL,0,'5_3_0_1 name',NULL,NULL),(141,0,'6_3_0_1@email.com',NULL,0,'6_3_0_1 name',NULL,NULL),(142,0,'0_0_1_1@email.com',NULL,0,'0_0_1_1 name',NULL,NULL),(143,0,'1_0_1_1@email.com',NULL,0,'1_0_1_1 name',NULL,NULL),(144,0,'2_0_1_1@email.com',NULL,0,'2_0_1_1 name',NULL,NULL),(145,0,'3_0_1_1@email.com',NULL,0,'3_0_1_1 name',NULL,NULL),(146,0,'4_0_1_1@email.com',NULL,0,'4_0_1_1 name',NULL,NULL),(147,0,'5_0_1_1@email.com',NULL,0,'5_0_1_1 name',NULL,NULL),(148,0,'6_0_1_1@email.com',NULL,0,'6_0_1_1 name',NULL,NULL),(149,0,'0_1_1_1@email.com',NULL,0,'0_1_1_1 name',NULL,NULL),(150,0,'1_1_1_1@email.com',NULL,0,'1_1_1_1 name',NULL,NULL),(151,0,'2_1_1_1@email.com',NULL,0,'2_1_1_1 name',NULL,NULL),(152,0,'3_1_1_1@email.com',NULL,0,'3_1_1_1 name',NULL,NULL),(153,0,'4_1_1_1@email.com',NULL,0,'4_1_1_1 name',NULL,NULL),(154,0,'5_1_1_1@email.com',NULL,0,'5_1_1_1 name',NULL,NULL),(155,0,'6_1_1_1@email.com',NULL,0,'6_1_1_1 name',NULL,NULL),(156,0,'0_2_1_1@email.com',NULL,0,'0_2_1_1 name',NULL,NULL),(157,0,'1_2_1_1@email.com',NULL,0,'1_2_1_1 name',NULL,NULL),(158,0,'2_2_1_1@email.com',NULL,0,'2_2_1_1 name',NULL,NULL),(159,0,'3_2_1_1@email.com',NULL,0,'3_2_1_1 name',NULL,NULL),(160,0,'4_2_1_1@email.com',NULL,0,'4_2_1_1 name',NULL,NULL),(161,0,'5_2_1_1@email.com',NULL,0,'5_2_1_1 name',NULL,NULL),(162,0,'6_2_1_1@email.com',NULL,0,'6_2_1_1 name',NULL,NULL),(163,0,'0_3_1_1@email.com',NULL,0,'0_3_1_1 name',NULL,NULL),(164,0,'1_3_1_1@email.com',NULL,0,'1_3_1_1 name',NULL,NULL),(165,0,'2_3_1_1@email.com',NULL,0,'2_3_1_1 name',NULL,NULL),(166,0,'3_3_1_1@email.com',NULL,0,'3_3_1_1 name',NULL,NULL),(167,0,'4_3_1_1@email.com',NULL,0,'4_3_1_1 name',NULL,NULL),(168,0,'5_3_1_1@email.com',NULL,0,'5_3_1_1 name',NULL,NULL),(169,0,'6_3_1_1@email.com',NULL,0,'6_3_1_1 name',NULL,NULL),(170,0,'0_0_2_1@email.com',NULL,0,'0_0_2_1 name',NULL,NULL),(171,0,'1_0_2_1@email.com',NULL,0,'1_0_2_1 name',NULL,NULL),(172,0,'2_0_2_1@email.com',NULL,0,'2_0_2_1 name',NULL,NULL),(173,0,'3_0_2_1@email.com',NULL,0,'3_0_2_1 name',NULL,NULL),(174,0,'4_0_2_1@email.com',NULL,0,'4_0_2_1 name',NULL,NULL),(175,0,'5_0_2_1@email.com',NULL,0,'5_0_2_1 name',NULL,NULL),(176,0,'6_0_2_1@email.com',NULL,0,'6_0_2_1 name',NULL,NULL),(177,0,'0_1_2_1@email.com',NULL,0,'0_1_2_1 name',NULL,NULL),(178,0,'1_1_2_1@email.com',NULL,0,'1_1_2_1 name',NULL,NULL),(179,0,'2_1_2_1@email.com',NULL,0,'2_1_2_1 name',NULL,NULL),(180,0,'3_1_2_1@email.com',NULL,0,'3_1_2_1 name',NULL,NULL),(181,0,'4_1_2_1@email.com',NULL,0,'4_1_2_1 name',NULL,NULL),(182,0,'5_1_2_1@email.com',NULL,0,'5_1_2_1 name',NULL,NULL),(183,0,'6_1_2_1@email.com',NULL,0,'6_1_2_1 name',NULL,NULL),(184,0,'0_2_2_1@email.com',NULL,0,'0_2_2_1 name',NULL,NULL),(185,0,'1_2_2_1@email.com',NULL,0,'1_2_2_1 name',NULL,NULL),(186,0,'2_2_2_1@email.com',NULL,0,'2_2_2_1 name',NULL,NULL),(187,0,'3_2_2_1@email.com',NULL,0,'3_2_2_1 name',NULL,NULL),(188,0,'4_2_2_1@email.com',NULL,0,'4_2_2_1 name',NULL,NULL),(189,0,'5_2_2_1@email.com',NULL,0,'5_2_2_1 name',NULL,NULL),(190,0,'6_2_2_1@email.com',NULL,0,'6_2_2_1 name',NULL,NULL),(191,0,'0_3_2_1@email.com',NULL,0,'0_3_2_1 name',NULL,NULL),(192,0,'1_3_2_1@email.com',NULL,0,'1_3_2_1 name',NULL,NULL),(193,0,'2_3_2_1@email.com',NULL,0,'2_3_2_1 name',NULL,NULL),(194,0,'3_3_2_1@email.com',NULL,0,'3_3_2_1 name',NULL,NULL),(195,0,'4_3_2_1@email.com',NULL,0,'4_3_2_1 name',NULL,NULL),(196,0,'5_3_2_1@email.com',NULL,0,'5_3_2_1 name',NULL,NULL),(197,0,'6_3_2_1@email.com',NULL,0,'6_3_2_1 name',NULL,NULL),(198,0,'0_0_3_1@email.com',NULL,0,'0_0_3_1 name',NULL,NULL),(199,0,'1_0_3_1@email.com',NULL,0,'1_0_3_1 name',NULL,NULL),(200,0,'2_0_3_1@email.com',NULL,0,'2_0_3_1 name',NULL,NULL),(201,0,'3_0_3_1@email.com',NULL,0,'3_0_3_1 name',NULL,NULL),(202,0,'4_0_3_1@email.com',NULL,0,'4_0_3_1 name',NULL,NULL),(203,0,'5_0_3_1@email.com',NULL,0,'5_0_3_1 name',NULL,NULL),(204,0,'6_0_3_1@email.com',NULL,0,'6_0_3_1 name',NULL,NULL),(205,0,'0_1_3_1@email.com',NULL,0,'0_1_3_1 name',NULL,NULL),(206,0,'1_1_3_1@email.com',NULL,0,'1_1_3_1 name',NULL,NULL),(207,0,'2_1_3_1@email.com',NULL,0,'2_1_3_1 name',NULL,NULL),(208,0,'3_1_3_1@email.com',NULL,0,'3_1_3_1 name',NULL,NULL),(209,0,'4_1_3_1@email.com',NULL,0,'4_1_3_1 name',NULL,NULL),(210,0,'5_1_3_1@email.com',NULL,0,'5_1_3_1 name',NULL,NULL),(211,0,'6_1_3_1@email.com',NULL,0,'6_1_3_1 name',NULL,NULL),(212,0,'0_2_3_1@email.com',NULL,0,'0_2_3_1 name',NULL,NULL),(213,0,'1_2_3_1@email.com',NULL,0,'1_2_3_1 name',NULL,NULL),(214,0,'2_2_3_1@email.com',NULL,0,'2_2_3_1 name',NULL,NULL),(215,0,'3_2_3_1@email.com',NULL,0,'3_2_3_1 name',NULL,NULL),(216,0,'4_2_3_1@email.com',NULL,0,'4_2_3_1 name',NULL,NULL),(217,0,'5_2_3_1@email.com',NULL,0,'5_2_3_1 name',NULL,NULL),(218,0,'6_2_3_1@email.com',NULL,0,'6_2_3_1 name',NULL,NULL),(219,0,'0_3_3_1@email.com',NULL,0,'0_3_3_1 name',NULL,NULL),(220,0,'1_3_3_1@email.com',NULL,0,'1_3_3_1 name',NULL,NULL),(221,0,'2_3_3_1@email.com',NULL,0,'2_3_3_1 name',NULL,NULL),(222,0,'3_3_3_1@email.com',NULL,0,'3_3_3_1 name',NULL,NULL),(223,0,'4_3_3_1@email.com',NULL,0,'4_3_3_1 name',NULL,NULL),(224,0,'5_3_3_1@email.com',NULL,0,'5_3_3_1 name',NULL,NULL),(225,0,'6_3_3_1@email.com',NULL,0,'6_3_3_1 name',NULL,NULL);
/*!40000 ALTER TABLE `User` ENABLE KEYS */;
UNLOCK TABLES;

--
-- Table structure for table `User_Role`
--

DROP TABLE IF EXISTS `User_Role`;
/*!40101 SET @saved_cs_client     = @@character_set_client */;
/*!40101 SET character_set_client = utf8 */;
CREATE TABLE `User_Role` (
  `User_id` bigint(20) NOT NULL,
  `roles_id` bigint(20) NOT NULL,
  KEY `FK8B9F886AEA75E288` (`roles_id`),
  KEY `FK8B9F886AF1882E0F` (`User_id`),
  CONSTRAINT `FK8B9F886AF1882E0F` FOREIGN KEY (`User_id`) REFERENCES `User` (`id`),
  CONSTRAINT `FK8B9F886AEA75E288` FOREIGN KEY (`roles_id`) REFERENCES `Role` (`id`)
) ENGINE=InnoDB DEFAULT CHARSET=latin1;
/*!40101 SET character_set_client = @saved_cs_client */;

--
-- Dumping data for table `User_Role`
--

LOCK TABLES `User_Role` WRITE;
/*!40000 ALTER TABLE `User_Role` DISABLE KEYS */;
INSERT INTO `User_Role` VALUES (1,1),(2,2),(3,2),(4,2),(5,2),(6,2),(7,2),(8,2),(9,2),(10,2),(11,2),(12,2),(13,2),(14,2),(15,2),(16,2),(17,2),(18,2),(19,2),(20,2),(21,2),(22,2),(23,2),(24,2),(25,2),(26,2),(27,2),(28,2),(29,2),(30,2),(31,2),(32,2),(33,2),(34,2),(35,2),(36,2),(37,2),(38,2),(39,2),(40,2),(41,2),(42,2),(43,2),(44,2),(45,2),(46,2),(47,2),(48,2),(49,2),(50,2),(51,2),(52,2),(53,2),(54,2),(55,2),(56,2),(57,2),(58,2),(59,2),(60,2),(61,2),(62,2),(63,2),(64,2),(65,2),(66,2),(67,2),(68,2),(69,2),(70,2),(71,2),(72,2),(73,2),(74,2),(75,2),(76,2),(77,2),(78,2),(79,2),(80,2),(81,2),(82,2),(83,2),(84,2),(85,2),(86,2),(87,2),(88,2),(89,2),(90,2),(91,2),(92,2),(93,2),(94,2),(95,2),(96,2),(97,2),(98,2),(99,2),(100,2),(101,2),(102,2),(103,2),(104,2),(105,2),(106,2),(107,2),(108,2),(109,2),(110,2),(111,2),(112,2),(113,2),(114,2),(115,2),(116,2),(117,2),(118,2),(119,2),(120,2),(121,2),(122,2),(123,2),(124,2),(125,2),(126,2),(127,2),(128,2),(129,2),(130,2),(131,2),(132,2),(133,2),(134,2),(135,2),(136,2),(137,2),(138,2),(139,2),(140,2),(141,2),(142,2),(143,2),(144,2),(145,2),(146,2),(147,2),(148,2),(149,2),(150,2),(151,2),(152,2),(153,2),(154,2),(155,2),(156,2),(157,2),(158,2),(159,2),(160,2),(161,2),(162,2),(163,2),(164,2),(165,2),(166,2),(167,2),(168,2),(169,2),(170,2),(171,2),(172,2),(173,2),(174,2),(175,2),(176,2),(177,2),(178,2),(179,2),(180,2),(181,2),(182,2),(183,2),(184,2),(185,2),(186,2),(187,2),(188,2),(189,2),(190,2),(191,2),(192,2),(193,2),(194,2),(195,2),(196,2),(197,2),(198,2),(199,2),(200,2),(201,2),(202,2),(203,2),(204,2),(205,2),(206,2),(207,2),(208,2),(209,2),(210,2),(211,2),(212,2),(213,2),(214,2),(215,2),(216,2),(217,2),(218,2),(219,2),(220,2),(221,2),(222,2),(223,2),(224,2),(225,2);
/*!40000 ALTER TABLE `User_Role` ENABLE KEYS */;
UNLOCK TABLES;
/*!40103 SET TIME_ZONE=@OLD_TIME_ZONE */;

/*!40101 SET SQL_MODE=@OLD_SQL_MODE */;
/*!40014 SET FOREIGN_KEY_CHECKS=@OLD_FOREIGN_KEY_CHECKS */;
/*!40014 SET UNIQUE_CHECKS=@OLD_UNIQUE_CHECKS */;
/*!40101 SET CHARACTER_SET_CLIENT=@OLD_CHARACTER_SET_CLIENT */;
/*!40101 SET CHARACTER_SET_RESULTS=@OLD_CHARACTER_SET_RESULTS */;
/*!40101 SET COLLATION_CONNECTION=@OLD_COLLATION_CONNECTION */;
/*!40111 SET SQL_NOTES=@OLD_SQL_NOTES */;

-- Dump completed on 2013-05-31  0:03:48
