-- MySQL dump 10.13  Distrib 5.5.27, for osx10.6 (i386)
--
-- Host: localhost    Database: db143442_squash
-- ------------------------------------------------------
-- Server version	5.5.27

/*!40101 SET @OLD_CHARACTER_SET_CLIENT=@@CHARACTER_SET_CLIENT */;
/*!40101 SET @OLD_CHARACTER_SET_RESULTS=@@CHARACTER_SET_RESULTS */;
/*!40101 SET @OLD_COLLATION_CONNECTION=@@COLLATION_CONNECTION */;
/*!40101 SET NAMES utf8 */;
/*!40103 SET @OLD_TIME_ZONE=@@TIME_ZONE */;
/*!40103 SET TIME_ZONE='+00:00' */;
/*!40014 SET @OLD_UNIQUE_CHECKS=@@UNIQUE_CHECKS, UNIQUE_CHECKS=0 */;
/*!40014 SET @OLD_FOREIGN_KEY_CHECKS=@@FOREIGN_KEY_CHECKS, FOREIGN_KEY_CHECKS=0 */;
/*!40101 SET @OLD_SQL_MODE=@@SQL_MODE, SQL_MODE='NO_AUTO_VALUE_ON_ZERO' */;
/*!40111 SET @OLD_SQL_NOTES=@@SQL_NOTES, SQL_NOTES=0 */;

--
-- Table structure for table `Club`
--

DROP TABLE IF EXISTS `Club`;
/*!40101 SET @saved_cs_client     = @@character_set_client */;
/*!40101 SET character_set_client = utf8 */;
CREATE TABLE `Club` (
  `id` bigint(20) NOT NULL AUTO_INCREMENT,
  `version` int(11) DEFAULT NULL,
  `address` varchar(50) NOT NULL,
  `name` varchar(25) NOT NULL,
  PRIMARY KEY (`id`)
) ENGINE=InnoDB AUTO_INCREMENT=3 DEFAULT CHARSET=latin1;
/*!40101 SET character_set_client = @saved_cs_client */;

--
-- Dumping data for table `Club`
--

LOCK TABLES `Club` WRITE;
/*!40000 ALTER TABLE `Club` DISABLE KEYS */;
INSERT INTO `Club` VALUES (1,0,'address 0','club name 0'),(2,0,'address 1','club name 1');
/*!40000 ALTER TABLE `Club` ENABLE KEYS */;
UNLOCK TABLES;

--
-- Table structure for table `Division`
--

DROP TABLE IF EXISTS `Division`;
/*!40101 SET @saved_cs_client     = @@character_set_client */;
/*!40101 SET character_set_client = utf8 */;
CREATE TABLE `Division` (
  `id` bigint(20) NOT NULL AUTO_INCREMENT,
  `version` int(11) DEFAULT NULL,
  `name` varchar(25) NOT NULL,
  `league_id` bigint(20) NOT NULL,
  `divisions_id` bigint(20) DEFAULT NULL,
  PRIMARY KEY (`id`),
  KEY `FK199794CD32CB8DA5` (`league_id`),
  KEY `FK199794CD85D71B0E` (`divisions_id`),
  CONSTRAINT `FK199794CD85D71B0E` FOREIGN KEY (`divisions_id`) REFERENCES `League` (`id`),
  CONSTRAINT `FK199794CD32CB8DA5` FOREIGN KEY (`league_id`) REFERENCES `League` (`id`)
) ENGINE=InnoDB AUTO_INCREMENT=9 DEFAULT CHARSET=latin1;
/*!40101 SET character_set_client = @saved_cs_client */;

--
-- Dumping data for table `Division`
--

LOCK TABLES `Division` WRITE;
/*!40000 ALTER TABLE `Division` DISABLE KEYS */;
INSERT INTO `Division` VALUES (1,0,'Division name 0-0-0',1,NULL),(2,0,'Division name 1-0-0',1,NULL),(3,0,'Division name 0-1-0',2,NULL),(4,0,'Division name 1-1-0',2,NULL),(5,0,'Division name 0-0-1',3,NULL),(6,0,'Division name 1-0-1',3,NULL),(7,0,'Division name 0-1-1',4,NULL),(8,0,'Division name 1-1-1',4,NULL);
/*!40000 ALTER TABLE `Division` ENABLE KEYS */;
UNLOCK TABLES;

--
-- Table structure for table `League`
--

DROP TABLE IF EXISTS `League`;
/*!40101 SET @saved_cs_client     = @@character_set_client */;
/*!40101 SET character_set_client = utf8 */;
CREATE TABLE `League` (
  `id` bigint(20) NOT NULL AUTO_INCREMENT,
  `version` int(11) DEFAULT NULL,
  `name` varchar(25) NOT NULL,
  `club_id` bigint(20) NOT NULL,
  `leagues_id` bigint(20) DEFAULT NULL,
  PRIMARY KEY (`id`),
  KEY `FK876D3E4F5A00C305` (`club_id`),
  KEY `FK876D3E4F266914D7` (`leagues_id`),
  CONSTRAINT `FK876D3E4F266914D7` FOREIGN KEY (`leagues_id`) REFERENCES `Club` (`id`),
  CONSTRAINT `FK876D3E4F5A00C305` FOREIGN KEY (`club_id`) REFERENCES `Club` (`id`)
) ENGINE=InnoDB AUTO_INCREMENT=5 DEFAULT CHARSET=latin1;
/*!40101 SET character_set_client = @saved_cs_client */;

--
-- Dumping data for table `League`
--

LOCK TABLES `League` WRITE;
/*!40000 ALTER TABLE `League` DISABLE KEYS */;
INSERT INTO `League` VALUES (1,0,'League name 0-0',1,NULL),(2,0,'League name 1-0',1,NULL),(3,0,'League name 0-1',2,NULL),(4,0,'League name 1-1',2,NULL);
/*!40000 ALTER TABLE `League` ENABLE KEYS */;
UNLOCK TABLES;

--
-- Table structure for table `Matches`
--

DROP TABLE IF EXISTS `Matches`;
/*!40101 SET @saved_cs_client     = @@character_set_client */;
/*!40101 SET character_set_client = utf8 */;
CREATE TABLE `Matches` (
  `id` bigint(20) NOT NULL AUTO_INCREMENT,
  `version` int(11) DEFAULT NULL,
  `score` varchar(255) DEFAULT NULL,
  `scoreEntered` datetime DEFAULT NULL,
  `playerOne_id` bigint(20) NOT NULL,
  `playerTwo_id` bigint(20) NOT NULL,
  `round_id` bigint(20) NOT NULL,
  `matches_id` bigint(20) DEFAULT NULL,
  PRIMARY KEY (`id`),
  KEY `FK95572113101128E1` (`playerOne_id`),
  KEY `FK95572113191CC33B` (`playerTwo_id`),
  KEY `FK955721139C7BEB4F` (`round_id`),
  KEY `FK95572113BFFB58A` (`matches_id`),
  CONSTRAINT `FK95572113BFFB58A` FOREIGN KEY (`matches_id`) REFERENCES `Round` (`id`),
  CONSTRAINT `FK95572113101128E1` FOREIGN KEY (`playerOne_id`) REFERENCES `Player` (`id`),
  CONSTRAINT `FK95572113191CC33B` FOREIGN KEY (`playerTwo_id`) REFERENCES `Player` (`id`),
  CONSTRAINT `FK955721139C7BEB4F` FOREIGN KEY (`round_id`) REFERENCES `Round` (`id`)
) ENGINE=InnoDB AUTO_INCREMENT=337 DEFAULT CHARSET=latin1;
/*!40101 SET character_set_client = @saved_cs_client */;

--
-- Dumping data for table `Matches`
--

LOCK TABLES `Matches` WRITE;
/*!40000 ALTER TABLE `Matches` DISABLE KEYS */;
INSERT INTO `Matches` VALUES (1,0,NULL,NULL,1,1,1,NULL),(2,0,NULL,NULL,1,2,1,NULL),(3,0,NULL,NULL,1,3,1,NULL),(4,0,NULL,NULL,1,4,1,NULL),(5,0,NULL,NULL,1,5,1,NULL),(6,0,NULL,NULL,1,6,1,NULL),(7,0,NULL,NULL,2,2,1,NULL),(8,0,NULL,NULL,2,3,1,NULL),(9,0,NULL,NULL,2,4,1,NULL),(10,0,NULL,NULL,2,5,1,NULL),(11,0,NULL,NULL,2,6,1,NULL),(12,0,NULL,NULL,3,3,1,NULL),(13,0,NULL,NULL,3,4,1,NULL),(14,0,NULL,NULL,3,5,1,NULL),(15,0,NULL,NULL,3,6,1,NULL),(16,0,NULL,NULL,4,4,1,NULL),(17,0,NULL,NULL,4,5,1,NULL),(18,0,NULL,NULL,4,6,1,NULL),(19,0,NULL,NULL,5,5,1,NULL),(20,0,NULL,NULL,5,6,1,NULL),(21,0,NULL,NULL,6,6,1,NULL),(22,0,NULL,NULL,1,1,2,NULL),(23,0,NULL,NULL,1,2,2,NULL),(24,0,NULL,NULL,1,3,2,NULL),(25,0,NULL,NULL,1,4,2,NULL),(26,0,NULL,NULL,1,5,2,NULL),(27,0,NULL,NULL,1,6,2,NULL),(28,0,NULL,NULL,2,2,2,NULL),(29,0,NULL,NULL,2,3,2,NULL),(30,0,NULL,NULL,2,4,2,NULL),(31,0,NULL,NULL,2,5,2,NULL),(32,0,NULL,NULL,2,6,2,NULL),(33,0,NULL,NULL,3,3,2,NULL),(34,0,NULL,NULL,3,4,2,NULL),(35,0,NULL,NULL,3,5,2,NULL),(36,0,NULL,NULL,3,6,2,NULL),(37,0,NULL,NULL,4,4,2,NULL),(38,0,NULL,NULL,4,5,2,NULL),(39,0,NULL,NULL,4,6,2,NULL),(40,0,NULL,NULL,5,5,2,NULL),(41,0,NULL,NULL,5,6,2,NULL),(42,0,NULL,NULL,6,6,2,NULL),(43,0,NULL,NULL,7,7,3,NULL),(44,0,NULL,NULL,7,8,3,NULL),(45,0,NULL,NULL,7,9,3,NULL),(46,0,NULL,NULL,7,10,3,NULL),(47,0,NULL,NULL,7,11,3,NULL),(48,0,NULL,NULL,7,12,3,NULL),(49,0,NULL,NULL,8,8,3,NULL),(50,0,NULL,NULL,8,9,3,NULL),(51,0,NULL,NULL,8,10,3,NULL),(52,0,NULL,NULL,8,11,3,NULL),(53,0,NULL,NULL,8,12,3,NULL),(54,0,NULL,NULL,9,9,3,NULL),(55,0,NULL,NULL,9,10,3,NULL),(56,0,NULL,NULL,9,11,3,NULL),(57,0,NULL,NULL,9,12,3,NULL),(58,0,NULL,NULL,10,10,3,NULL),(59,0,NULL,NULL,10,11,3,NULL),(60,0,NULL,NULL,10,12,3,NULL),(61,0,NULL,NULL,11,11,3,NULL),(62,0,NULL,NULL,11,12,3,NULL),(63,0,NULL,NULL,12,12,3,NULL),(64,0,NULL,NULL,7,7,4,NULL),(65,0,NULL,NULL,7,8,4,NULL),(66,0,NULL,NULL,7,9,4,NULL),(67,0,NULL,NULL,7,10,4,NULL),(68,0,NULL,NULL,7,11,4,NULL),(69,0,NULL,NULL,7,12,4,NULL),(70,0,NULL,NULL,8,8,4,NULL),(71,0,NULL,NULL,8,9,4,NULL),(72,0,NULL,NULL,8,10,4,NULL),(73,0,NULL,NULL,8,11,4,NULL),(74,0,NULL,NULL,8,12,4,NULL),(75,0,NULL,NULL,9,9,4,NULL),(76,0,NULL,NULL,9,10,4,NULL),(77,0,NULL,NULL,9,11,4,NULL),(78,0,NULL,NULL,9,12,4,NULL),(79,0,NULL,NULL,10,10,4,NULL),(80,0,NULL,NULL,10,11,4,NULL),(81,0,NULL,NULL,10,12,4,NULL),(82,0,NULL,NULL,11,11,4,NULL),(83,0,NULL,NULL,11,12,4,NULL),(84,0,NULL,NULL,12,12,4,NULL),(85,0,NULL,NULL,13,13,5,NULL),(86,0,NULL,NULL,13,14,5,NULL),(87,0,NULL,NULL,13,15,5,NULL),(88,0,NULL,NULL,13,16,5,NULL),(89,0,NULL,NULL,13,17,5,NULL),(90,0,NULL,NULL,13,18,5,NULL),(91,0,NULL,NULL,14,14,5,NULL),(92,0,NULL,NULL,14,15,5,NULL),(93,0,NULL,NULL,14,16,5,NULL),(94,0,NULL,NULL,14,17,5,NULL),(95,0,NULL,NULL,14,18,5,NULL),(96,0,NULL,NULL,15,15,5,NULL),(97,0,NULL,NULL,15,16,5,NULL),(98,0,NULL,NULL,15,17,5,NULL),(99,0,NULL,NULL,15,18,5,NULL),(100,0,NULL,NULL,16,16,5,NULL),(101,0,NULL,NULL,16,17,5,NULL),(102,0,NULL,NULL,16,18,5,NULL),(103,0,NULL,NULL,17,17,5,NULL),(104,0,NULL,NULL,17,18,5,NULL),(105,0,NULL,NULL,18,18,5,NULL),(106,0,NULL,NULL,13,13,6,NULL),(107,0,NULL,NULL,13,14,6,NULL),(108,0,NULL,NULL,13,15,6,NULL),(109,0,NULL,NULL,13,16,6,NULL),(110,0,NULL,NULL,13,17,6,NULL),(111,0,NULL,NULL,13,18,6,NULL),(112,0,NULL,NULL,14,14,6,NULL),(113,0,NULL,NULL,14,15,6,NULL),(114,0,NULL,NULL,14,16,6,NULL),(115,0,NULL,NULL,14,17,6,NULL),(116,0,NULL,NULL,14,18,6,NULL),(117,0,NULL,NULL,15,15,6,NULL),(118,0,NULL,NULL,15,16,6,NULL),(119,0,NULL,NULL,15,17,6,NULL),(120,0,NULL,NULL,15,18,6,NULL),(121,0,NULL,NULL,16,16,6,NULL),(122,0,NULL,NULL,16,17,6,NULL),(123,0,NULL,NULL,16,18,6,NULL),(124,0,NULL,NULL,17,17,6,NULL),(125,0,NULL,NULL,17,18,6,NULL),(126,0,NULL,NULL,18,18,6,NULL),(127,0,NULL,NULL,19,19,7,NULL),(128,0,NULL,NULL,19,20,7,NULL),(129,0,NULL,NULL,19,21,7,NULL),(130,0,NULL,NULL,19,22,7,NULL),(131,0,NULL,NULL,19,23,7,NULL),(132,0,NULL,NULL,19,24,7,NULL),(133,0,NULL,NULL,20,20,7,NULL),(134,0,NULL,NULL,20,21,7,NULL),(135,0,NULL,NULL,20,22,7,NULL),(136,0,NULL,NULL,20,23,7,NULL),(137,0,NULL,NULL,20,24,7,NULL),(138,0,NULL,NULL,21,21,7,NULL),(139,0,NULL,NULL,21,22,7,NULL),(140,0,NULL,NULL,21,23,7,NULL),(141,0,NULL,NULL,21,24,7,NULL),(142,0,NULL,NULL,22,22,7,NULL),(143,0,NULL,NULL,22,23,7,NULL),(144,0,NULL,NULL,22,24,7,NULL),(145,0,NULL,NULL,23,23,7,NULL),(146,0,NULL,NULL,23,24,7,NULL),(147,0,NULL,NULL,24,24,7,NULL),(148,0,NULL,NULL,19,19,8,NULL),(149,0,NULL,NULL,19,20,8,NULL),(150,0,NULL,NULL,19,21,8,NULL),(151,0,NULL,NULL,19,22,8,NULL),(152,0,NULL,NULL,19,23,8,NULL),(153,0,NULL,NULL,19,24,8,NULL),(154,0,NULL,NULL,20,20,8,NULL),(155,0,NULL,NULL,20,21,8,NULL),(156,0,NULL,NULL,20,22,8,NULL),(157,0,NULL,NULL,20,23,8,NULL),(158,0,NULL,NULL,20,24,8,NULL),(159,0,NULL,NULL,21,21,8,NULL),(160,0,NULL,NULL,21,22,8,NULL),(161,0,NULL,NULL,21,23,8,NULL),(162,0,NULL,NULL,21,24,8,NULL),(163,0,NULL,NULL,22,22,8,NULL),(164,0,NULL,NULL,22,23,8,NULL),(165,0,NULL,NULL,22,24,8,NULL),(166,0,NULL,NULL,23,23,8,NULL),(167,0,NULL,NULL,23,24,8,NULL),(168,0,NULL,NULL,24,24,8,NULL),(169,0,NULL,NULL,25,25,9,NULL),(170,0,NULL,NULL,25,26,9,NULL),(171,0,NULL,NULL,25,27,9,NULL),(172,0,NULL,NULL,25,28,9,NULL),(173,0,NULL,NULL,25,29,9,NULL),(174,0,NULL,NULL,25,30,9,NULL),(175,0,NULL,NULL,26,26,9,NULL),(176,0,NULL,NULL,26,27,9,NULL),(177,0,NULL,NULL,26,28,9,NULL),(178,0,NULL,NULL,26,29,9,NULL),(179,0,NULL,NULL,26,30,9,NULL),(180,0,NULL,NULL,27,27,9,NULL),(181,0,NULL,NULL,27,28,9,NULL),(182,0,NULL,NULL,27,29,9,NULL),(183,0,NULL,NULL,27,30,9,NULL),(184,0,NULL,NULL,28,28,9,NULL),(185,0,NULL,NULL,28,29,9,NULL),(186,0,NULL,NULL,28,30,9,NULL),(187,0,NULL,NULL,29,29,9,NULL),(188,0,NULL,NULL,29,30,9,NULL),(189,0,NULL,NULL,30,30,9,NULL),(190,0,NULL,NULL,25,25,10,NULL),(191,0,NULL,NULL,25,26,10,NULL),(192,0,NULL,NULL,25,27,10,NULL),(193,0,NULL,NULL,25,28,10,NULL),(194,0,NULL,NULL,25,29,10,NULL),(195,0,NULL,NULL,25,30,10,NULL),(196,0,NULL,NULL,26,26,10,NULL),(197,0,NULL,NULL,26,27,10,NULL),(198,0,NULL,NULL,26,28,10,NULL),(199,0,NULL,NULL,26,29,10,NULL),(200,0,NULL,NULL,26,30,10,NULL),(201,0,NULL,NULL,27,27,10,NULL),(202,0,NULL,NULL,27,28,10,NULL),(203,0,NULL,NULL,27,29,10,NULL),(204,0,NULL,NULL,27,30,10,NULL),(205,0,NULL,NULL,28,28,10,NULL),(206,0,NULL,NULL,28,29,10,NULL),(207,0,NULL,NULL,28,30,10,NULL),(208,0,NULL,NULL,29,29,10,NULL),(209,0,NULL,NULL,29,30,10,NULL),(210,0,NULL,NULL,30,30,10,NULL),(211,0,NULL,NULL,31,31,11,NULL),(212,0,NULL,NULL,31,32,11,NULL),(213,0,NULL,NULL,31,33,11,NULL),(214,0,NULL,NULL,31,34,11,NULL),(215,0,NULL,NULL,31,35,11,NULL),(216,0,NULL,NULL,31,36,11,NULL),(217,0,NULL,NULL,32,32,11,NULL),(218,0,NULL,NULL,32,33,11,NULL),(219,0,NULL,NULL,32,34,11,NULL),(220,0,NULL,NULL,32,35,11,NULL),(221,0,NULL,NULL,32,36,11,NULL),(222,0,NULL,NULL,33,33,11,NULL),(223,0,NULL,NULL,33,34,11,NULL),(224,0,NULL,NULL,33,35,11,NULL),(225,0,NULL,NULL,33,36,11,NULL),(226,0,NULL,NULL,34,34,11,NULL),(227,0,NULL,NULL,34,35,11,NULL),(228,0,NULL,NULL,34,36,11,NULL),(229,0,NULL,NULL,35,35,11,NULL),(230,0,NULL,NULL,35,36,11,NULL),(231,0,NULL,NULL,36,36,11,NULL),(232,0,NULL,NULL,31,31,12,NULL),(233,0,NULL,NULL,31,32,12,NULL),(234,0,NULL,NULL,31,33,12,NULL),(235,0,NULL,NULL,31,34,12,NULL),(236,0,NULL,NULL,31,35,12,NULL),(237,0,NULL,NULL,31,36,12,NULL),(238,0,NULL,NULL,32,32,12,NULL),(239,0,NULL,NULL,32,33,12,NULL),(240,0,NULL,NULL,32,34,12,NULL),(241,0,NULL,NULL,32,35,12,NULL),(242,0,NULL,NULL,32,36,12,NULL),(243,0,NULL,NULL,33,33,12,NULL),(244,0,NULL,NULL,33,34,12,NULL),(245,0,NULL,NULL,33,35,12,NULL),(246,0,NULL,NULL,33,36,12,NULL),(247,0,NULL,NULL,34,34,12,NULL),(248,0,NULL,NULL,34,35,12,NULL),(249,0,NULL,NULL,34,36,12,NULL),(250,0,NULL,NULL,35,35,12,NULL),(251,0,NULL,NULL,35,36,12,NULL),(252,0,NULL,NULL,36,36,12,NULL),(253,0,NULL,NULL,37,37,13,NULL),(254,0,NULL,NULL,37,38,13,NULL),(255,0,NULL,NULL,37,39,13,NULL),(256,0,NULL,NULL,37,40,13,NULL),(257,0,NULL,NULL,37,41,13,NULL),(258,0,NULL,NULL,37,42,13,NULL),(259,0,NULL,NULL,38,38,13,NULL),(260,0,NULL,NULL,38,39,13,NULL),(261,0,NULL,NULL,38,40,13,NULL),(262,0,NULL,NULL,38,41,13,NULL),(263,0,NULL,NULL,38,42,13,NULL),(264,0,NULL,NULL,39,39,13,NULL),(265,0,NULL,NULL,39,40,13,NULL),(266,0,NULL,NULL,39,41,13,NULL),(267,0,NULL,NULL,39,42,13,NULL),(268,0,NULL,NULL,40,40,13,NULL),(269,0,NULL,NULL,40,41,13,NULL),(270,0,NULL,NULL,40,42,13,NULL),(271,0,NULL,NULL,41,41,13,NULL),(272,0,NULL,NULL,41,42,13,NULL),(273,0,NULL,NULL,42,42,13,NULL),(274,0,NULL,NULL,37,37,14,NULL),(275,0,NULL,NULL,37,38,14,NULL),(276,0,NULL,NULL,37,39,14,NULL),(277,0,NULL,NULL,37,40,14,NULL),(278,0,NULL,NULL,37,41,14,NULL),(279,0,NULL,NULL,37,42,14,NULL),(280,0,NULL,NULL,38,38,14,NULL),(281,0,NULL,NULL,38,39,14,NULL),(282,0,NULL,NULL,38,40,14,NULL),(283,0,NULL,NULL,38,41,14,NULL),(284,0,NULL,NULL,38,42,14,NULL),(285,0,NULL,NULL,39,39,14,NULL),(286,0,NULL,NULL,39,40,14,NULL),(287,0,NULL,NULL,39,41,14,NULL),(288,0,NULL,NULL,39,42,14,NULL),(289,0,NULL,NULL,40,40,14,NULL),(290,0,NULL,NULL,40,41,14,NULL),(291,0,NULL,NULL,40,42,14,NULL),(292,0,NULL,NULL,41,41,14,NULL),(293,0,NULL,NULL,41,42,14,NULL),(294,0,NULL,NULL,42,42,14,NULL),(295,0,NULL,NULL,43,43,15,NULL),(296,0,NULL,NULL,43,44,15,NULL),(297,0,NULL,NULL,43,45,15,NULL),(298,0,NULL,NULL,43,46,15,NULL),(299,0,NULL,NULL,43,47,15,NULL),(300,0,NULL,NULL,43,48,15,NULL),(301,0,NULL,NULL,44,44,15,NULL),(302,0,NULL,NULL,44,45,15,NULL),(303,0,NULL,NULL,44,46,15,NULL),(304,0,NULL,NULL,44,47,15,NULL),(305,0,NULL,NULL,44,48,15,NULL),(306,0,NULL,NULL,45,45,15,NULL),(307,0,NULL,NULL,45,46,15,NULL),(308,0,NULL,NULL,45,47,15,NULL),(309,0,NULL,NULL,45,48,15,NULL),(310,0,NULL,NULL,46,46,15,NULL),(311,0,NULL,NULL,46,47,15,NULL),(312,0,NULL,NULL,46,48,15,NULL),(313,0,NULL,NULL,47,47,15,NULL),(314,0,NULL,NULL,47,48,15,NULL),(315,0,NULL,NULL,48,48,15,NULL),(316,0,NULL,NULL,43,43,16,NULL),(317,0,NULL,NULL,43,44,16,NULL),(318,0,NULL,NULL,43,45,16,NULL),(319,0,NULL,NULL,43,46,16,NULL),(320,0,NULL,NULL,43,47,16,NULL),(321,0,NULL,NULL,43,48,16,NULL),(322,0,NULL,NULL,44,44,16,NULL),(323,0,NULL,NULL,44,45,16,NULL),(324,0,NULL,NULL,44,46,16,NULL),(325,0,NULL,NULL,44,47,16,NULL),(326,0,NULL,NULL,44,48,16,NULL),(327,0,NULL,NULL,45,45,16,NULL),(328,0,NULL,NULL,45,46,16,NULL),(329,0,NULL,NULL,45,47,16,NULL),(330,0,NULL,NULL,45,48,16,NULL),(331,0,NULL,NULL,46,46,16,NULL),(332,0,NULL,NULL,46,47,16,NULL),(333,0,NULL,NULL,46,48,16,NULL),(334,0,NULL,NULL,47,47,16,NULL),(335,0,NULL,NULL,47,48,16,NULL),(336,0,NULL,NULL,48,48,16,NULL);
/*!40000 ALTER TABLE `Matches` ENABLE KEYS */;
UNLOCK TABLES;

--
-- Table structure for table `Player`
--

DROP TABLE IF EXISTS `Player`;
/*!40101 SET @saved_cs_client     = @@character_set_client */;
/*!40101 SET character_set_client = utf8 */;
CREATE TABLE `Player` (
  `id` bigint(20) NOT NULL AUTO_INCREMENT,
  `version` int(11) DEFAULT NULL,
  `status` int(11) NOT NULL,
  `currentDivision_id` bigint(20) NOT NULL,
  `league_id` bigint(20) NOT NULL,
  `user_id` bigint(20) NOT NULL,
  PRIMARY KEY (`id`),
  KEY `FK8EA3870195ECFB0C` (`currentDivision_id`),
  KEY `FK8EA3870132CB8DA5` (`league_id`),
  KEY `FK8EA38701F1882E0F` (`user_id`),
  CONSTRAINT `FK8EA38701F1882E0F` FOREIGN KEY (`user_id`) REFERENCES `User` (`id`),
  CONSTRAINT `FK8EA3870132CB8DA5` FOREIGN KEY (`league_id`) REFERENCES `League` (`id`),
  CONSTRAINT `FK8EA3870195ECFB0C` FOREIGN KEY (`currentDivision_id`) REFERENCES `Division` (`id`)
) ENGINE=InnoDB AUTO_INCREMENT=49 DEFAULT CHARSET=latin1;
/*!40101 SET character_set_client = @saved_cs_client */;

--
-- Dumping data for table `Player`
--

LOCK TABLES `Player` WRITE;
/*!40000 ALTER TABLE `Player` DISABLE KEYS */;
INSERT INTO `Player` VALUES (1,0,0,1,1,2),(2,0,0,1,1,3),(3,0,0,1,1,4),(4,0,0,1,1,5),(5,0,0,1,1,6),(6,0,0,1,1,1),(7,0,0,2,1,7),(8,0,0,2,1,8),(9,0,0,2,1,9),(10,0,0,2,1,10),(11,0,0,2,1,11),(12,0,0,2,1,1),(13,0,0,3,2,12),(14,0,0,3,2,13),(15,0,0,3,2,14),(16,0,0,3,2,15),(17,0,0,3,2,16),(18,0,0,3,2,1),(19,0,0,4,2,17),(20,0,0,4,2,18),(21,0,0,4,2,19),(22,0,0,4,2,20),(23,0,0,4,2,21),(24,0,0,4,2,1),(25,0,0,5,3,22),(26,0,0,5,3,23),(27,0,0,5,3,24),(28,0,0,5,3,25),(29,0,0,5,3,26),(30,0,0,5,3,1),(31,0,0,6,3,27),(32,0,0,6,3,28),(33,0,0,6,3,29),(34,0,0,6,3,30),(35,0,0,6,3,31),(36,0,0,6,3,1),(37,0,0,7,4,32),(38,0,0,7,4,33),(39,0,0,7,4,34),(40,0,0,7,4,35),(41,0,0,7,4,36),(42,0,0,7,4,1),(43,0,0,8,4,37),(44,0,0,8,4,38),(45,0,0,8,4,39),(46,0,0,8,4,40),(47,0,0,8,4,41),(48,0,0,8,4,1);
/*!40000 ALTER TABLE `Player` ENABLE KEYS */;
UNLOCK TABLES;

--
-- Table structure for table `Role`
--

DROP TABLE IF EXISTS `Role`;
/*!40101 SET @saved_cs_client     = @@character_set_client */;
/*!40101 SET character_set_client = utf8 */;
CREATE TABLE `Role` (
  `id` bigint(20) NOT NULL AUTO_INCREMENT,
  `version` int(11) DEFAULT NULL,
  `description` varchar(50) NOT NULL,
  `name` varchar(25) NOT NULL,
  `club_id` bigint(20) DEFAULT NULL,
  PRIMARY KEY (`id`),
  UNIQUE KEY `name` (`name`),
  KEY `FK26F4965A00C305` (`club_id`),
  CONSTRAINT `FK26F4965A00C305` FOREIGN KEY (`club_id`) REFERENCES `Club` (`id`)
) ENGINE=InnoDB AUTO_INCREMENT=3 DEFAULT CHARSET=latin1;
/*!40101 SET character_set_client = @saved_cs_client */;

--
-- Dumping data for table `Role`
--

LOCK TABLES `Role` WRITE;
/*!40000 ALTER TABLE `Role` DISABLE KEYS */;
INSERT INTO `Role` VALUES (1,0,'Administrator Role','ROLE_ADMIN',NULL),(2,0,'Authentication User Role','ROLE_USER',NULL);
/*!40000 ALTER TABLE `Role` ENABLE KEYS */;
UNLOCK TABLES;

--
-- Table structure for table `Round`
--

DROP TABLE IF EXISTS `Round`;
/*!40101 SET @saved_cs_client     = @@character_set_client */;
/*!40101 SET character_set_client = utf8 */;
CREATE TABLE `Round` (
  `id` bigint(20) NOT NULL AUTO_INCREMENT,
  `version` int(11) DEFAULT NULL,
  `endDate` datetime NOT NULL,
  `startDate` datetime NOT NULL,
  `status` int(11) NOT NULL,
  `division_id` bigint(20) NOT NULL,
  PRIMARY KEY (`id`),
  KEY `FK4B7C16E27E9AE25` (`division_id`),
  CONSTRAINT `FK4B7C16E27E9AE25` FOREIGN KEY (`division_id`) REFERENCES `Division` (`id`)
) ENGINE=InnoDB AUTO_INCREMENT=17 DEFAULT CHARSET=latin1;
/*!40101 SET character_set_client = @saved_cs_client */;

--
-- Dumping data for table `Round`
--

LOCK TABLES `Round` WRITE;
/*!40000 ALTER TABLE `Round` DISABLE KEYS */;
INSERT INTO `Round` VALUES (1,0,'2013-06-01 00:51:34','2013-05-28 00:51:33',2,1),(2,0,'2013-06-02 00:51:35','2013-05-29 00:51:35',2,1),(3,1,'2013-06-01 23:00:00','2013-05-28 23:00:00',2,2),(4,0,'2013-06-03 00:51:38','2013-05-30 00:51:38',1,2),(5,0,'2013-06-02 00:51:40','2013-05-29 00:51:40',2,3),(6,0,'2013-06-03 00:51:42','2013-05-30 00:51:42',1,3),(7,0,'2013-06-03 00:51:45','2013-05-30 00:51:45',1,4),(8,0,'2013-06-04 00:51:47','2013-05-31 00:51:47',1,4),(9,1,'2013-06-01 23:00:00','2013-05-28 23:00:00',2,5),(10,0,'2013-06-03 00:51:54','2013-05-30 00:51:54',1,5),(11,0,'2013-06-03 00:51:59','2013-05-30 00:51:59',1,6),(12,0,'2013-06-04 00:52:03','2013-05-31 00:52:03',1,6),(13,0,'2013-06-03 00:52:08','2013-05-30 00:52:08',1,7),(14,0,'2013-06-04 00:52:12','2013-05-31 00:52:12',1,7),(15,0,'2013-06-04 00:52:18','2013-05-31 00:52:18',1,8),(16,0,'2013-06-05 00:52:23','2013-06-01 00:52:23',1,8);
/*!40000 ALTER TABLE `Round` ENABLE KEYS */;
UNLOCK TABLES;

--
-- Table structure for table `User`
--

DROP TABLE IF EXISTS `User`;
/*!40101 SET @saved_cs_client     = @@character_set_client */;
/*!40101 SET character_set_client = utf8 */;
CREATE TABLE `User` (
  `id` bigint(20) NOT NULL AUTO_INCREMENT,
  `version` int(11) DEFAULT NULL,
  `email` varchar(255) NOT NULL,
  `mobile` varchar(255) DEFAULT NULL,
  `mobilePrivacy` int(11) NOT NULL,
  `name` varchar(50) NOT NULL,
  `oneTimeToken` varchar(255) DEFAULT NULL,
  `password` varchar(255) DEFAULT NULL,
  PRIMARY KEY (`id`),
  UNIQUE KEY `email` (`email`)
) ENGINE=InnoDB AUTO_INCREMENT=42 DEFAULT CHARSET=latin1;
/*!40101 SET character_set_client = @saved_cs_client */;

--
-- Dumping data for table `User`
--

LOCK TABLES `User` WRITE;
/*!40000 ALTER TABLE `User` DISABLE KEYS */;
INSERT INTO `User` VALUES (1,1,'jamesdbloom@gmail.com','07515 900 569',1,'James D Bloom','','7826cf0b3803eb24ed4438b457e3c7148b00d864338506dcebfb016b6b824c5efdf749e475690e59cae7b129d438110ffdfc69f9aee638998995cb70721e64e4f1b962d426681635'),(2,0,'0_0_0_0@email.com',NULL,0,'0_0_0_0 name',NULL,NULL),(3,0,'1_0_0_0@email.com',NULL,0,'1_0_0_0 name',NULL,NULL),(4,0,'2_0_0_0@email.com',NULL,0,'2_0_0_0 name',NULL,NULL),(5,0,'3_0_0_0@email.com',NULL,0,'3_0_0_0 name',NULL,NULL),(6,0,'4_0_0_0@email.com',NULL,0,'4_0_0_0 name',NULL,NULL),(7,0,'0_1_0_0@email.com',NULL,0,'0_1_0_0 name',NULL,NULL),(8,0,'1_1_0_0@email.com',NULL,0,'1_1_0_0 name',NULL,NULL),(9,0,'2_1_0_0@email.com',NULL,0,'2_1_0_0 name',NULL,NULL),(10,0,'3_1_0_0@email.com',NULL,0,'3_1_0_0 name',NULL,NULL),(11,0,'4_1_0_0@email.com',NULL,0,'4_1_0_0 name',NULL,NULL),(12,0,'0_0_1_0@email.com',NULL,0,'0_0_1_0 name',NULL,NULL),(13,0,'1_0_1_0@email.com',NULL,0,'1_0_1_0 name',NULL,NULL),(14,0,'2_0_1_0@email.com',NULL,0,'2_0_1_0 name',NULL,NULL),(15,0,'3_0_1_0@email.com',NULL,0,'3_0_1_0 name',NULL,NULL),(16,0,'4_0_1_0@email.com',NULL,0,'4_0_1_0 name',NULL,NULL),(17,0,'0_1_1_0@email.com',NULL,0,'0_1_1_0 name',NULL,NULL),(18,0,'1_1_1_0@email.com',NULL,0,'1_1_1_0 name',NULL,NULL),(19,0,'2_1_1_0@email.com',NULL,0,'2_1_1_0 name',NULL,NULL),(20,0,'3_1_1_0@email.com',NULL,0,'3_1_1_0 name',NULL,NULL),(21,0,'4_1_1_0@email.com',NULL,0,'4_1_1_0 name',NULL,NULL),(22,0,'0_0_0_1@email.com',NULL,0,'0_0_0_1 name',NULL,NULL),(23,0,'1_0_0_1@email.com',NULL,0,'1_0_0_1 name',NULL,NULL),(24,0,'2_0_0_1@email.com',NULL,0,'2_0_0_1 name',NULL,NULL),(25,0,'3_0_0_1@email.com',NULL,0,'3_0_0_1 name',NULL,NULL),(26,0,'4_0_0_1@email.com',NULL,0,'4_0_0_1 name',NULL,NULL),(27,0,'0_1_0_1@email.com',NULL,0,'0_1_0_1 name',NULL,NULL),(28,0,'1_1_0_1@email.com',NULL,0,'1_1_0_1 name',NULL,NULL),(29,0,'2_1_0_1@email.com',NULL,0,'2_1_0_1 name',NULL,NULL),(30,0,'3_1_0_1@email.com',NULL,0,'3_1_0_1 name',NULL,NULL),(31,0,'4_1_0_1@email.com',NULL,0,'4_1_0_1 name',NULL,NULL),(32,0,'0_0_1_1@email.com',NULL,0,'0_0_1_1 name',NULL,NULL),(33,0,'1_0_1_1@email.com',NULL,0,'1_0_1_1 name',NULL,NULL),(34,0,'2_0_1_1@email.com',NULL,0,'2_0_1_1 name',NULL,NULL),(35,0,'3_0_1_1@email.com',NULL,0,'3_0_1_1 name',NULL,NULL),(36,0,'4_0_1_1@email.com',NULL,0,'4_0_1_1 name',NULL,NULL),(37,0,'0_1_1_1@email.com',NULL,0,'0_1_1_1 name',NULL,NULL),(38,0,'1_1_1_1@email.com',NULL,0,'1_1_1_1 name',NULL,NULL),(39,0,'2_1_1_1@email.com',NULL,0,'2_1_1_1 name',NULL,NULL),(40,0,'3_1_1_1@email.com',NULL,0,'3_1_1_1 name',NULL,NULL),(41,0,'4_1_1_1@email.com',NULL,0,'4_1_1_1 name',NULL,NULL);
/*!40000 ALTER TABLE `User` ENABLE KEYS */;
UNLOCK TABLES;

--
-- Table structure for table `User_Role`
--

DROP TABLE IF EXISTS `User_Role`;
/*!40101 SET @saved_cs_client     = @@character_set_client */;
/*!40101 SET character_set_client = utf8 */;
CREATE TABLE `User_Role` (
  `User_id` bigint(20) NOT NULL,
  `roles_id` bigint(20) NOT NULL,
  KEY `FK8B9F886AEA75E288` (`roles_id`),
  KEY `FK8B9F886AF1882E0F` (`User_id`),
  CONSTRAINT `FK8B9F886AF1882E0F` FOREIGN KEY (`User_id`) REFERENCES `User` (`id`),
  CONSTRAINT `FK8B9F886AEA75E288` FOREIGN KEY (`roles_id`) REFERENCES `Role` (`id`)
) ENGINE=InnoDB DEFAULT CHARSET=latin1;
/*!40101 SET character_set_client = @saved_cs_client */;

--
-- Dumping data for table `User_Role`
--

LOCK TABLES `User_Role` WRITE;
/*!40000 ALTER TABLE `User_Role` DISABLE KEYS */;
INSERT INTO `User_Role` VALUES (1,1),(2,2),(3,2),(4,2),(5,2),(6,2),(7,2),(8,2),(9,2),(10,2),(11,2),(12,2),(13,2),(14,2),(15,2),(16,2),(17,2),(18,2),(19,2),(20,2),(21,2),(22,2),(23,2),(24,2),(25,2),(26,2),(27,2),(28,2),(29,2),(30,2),(31,2),(32,2),(33,2),(34,2),(35,2),(36,2),(37,2),(38,2),(39,2),(40,2),(41,2);
/*!40000 ALTER TABLE `User_Role` ENABLE KEYS */;
UNLOCK TABLES;
/*!40103 SET TIME_ZONE=@OLD_TIME_ZONE */;

/*!40101 SET SQL_MODE=@OLD_SQL_MODE */;
/*!40014 SET FOREIGN_KEY_CHECKS=@OLD_FOREIGN_KEY_CHECKS */;
/*!40014 SET UNIQUE_CHECKS=@OLD_UNIQUE_CHECKS */;
/*!40101 SET CHARACTER_SET_CLIENT=@OLD_CHARACTER_SET_CLIENT */;
/*!40101 SET CHARACTER_SET_RESULTS=@OLD_CHARACTER_SET_RESULTS */;
/*!40101 SET COLLATION_CONNECTION=@OLD_COLLATION_CONNECTION */;
/*!40111 SET SQL_NOTES=@OLD_SQL_NOTES */;

-- Dump completed on 2013-05-27  2:13:35
